hgnc_symbol	ensembl_gene_id	alias	prev_symbol
A1CF	ENSG00000148584	ACF|ASP|ACF64|ACF65|APOBEC1CF	
A2ML1	ENSG00000166535	FLJ25179|p170	CPAMD9
AADACL2	ENSG00000197953	MGC72001	
AAMP	ENSG00000127837		
AARS2	ENSG00000124608	KIAA1270|bA444E17.1	AARSL
ABCA9	ENSG00000154258	EST640918	
ABCB1	ENSG00000085563	P-gp|CD243|GP170|ABC20|p-170	PGY1|MDR1|CLCS
ABCG4	ENSG00000172350	WHITE2	
ABI1	ENSG00000136754	E3B1|ABI-1	SSH3BP1
ABL1	ENSG00000097007	JTK7|c-ABL|p150	ABL
ABL2	ENSG00000143322	ARG	ABLL
ABRAXAS1	ENSG00000163322	FLJ13614|ABRA1|ABRAXAS	CCDC98|FAM175A
ACKR3	ENSG00000144476	RDC1|GPR159	CMKOR1|CXCR7
ACSL3	ENSG00000123983	ACS3|PRO2194	FACL3
ACSL6	ENSG00000164398	KIAA0837|ACS2|LACS5|LACS2	FACL6
ACTB	ENSG00000075624		
ACTG1	ENSG00000184009		ACTG|DFNA20|DFNA26
ACVR1	ENSG00000115170	SKR1|ALK2|ACVR1A	ACVRLK2
ACVR1B	ENSG00000135503	ALK4|SKR2|ActRIB	ACVRLK4
ACVR2A	ENSG00000121989	ACTRII	ACVR2
ADGRA2	ENSG00000020181	TEM5|DKFZp434C211|DKFZp434J0911|KIAA1531|FLJ14390	GPR124
ADORA3	ENSG00000282608	AD026|A3AR	
AFDN	ENSG00000130396	AF-6|AF6	MLLT4
AFF1	ENSG00000172493	AF-4|AF4	PBM1|MLLT2
AFF2	ENSG00000155966	FRAXE	FMR2
AFF3	ENSG00000144218	MLLT2-like	LAF4
AFF4	ENSG00000072364	AF5Q31|MCEF	
AGO2	ENSG00000123908	hAGO2|Q10|LINC00980	EIF2C2|CASC7
AHNAK2	ENSG00000185567		C14orf78
AJUBA	ENSG00000129474	MGC15563	JUB
AK9	ENSG00000155085	FLJ42177|FLJ25791|dJ70A9.1|MGC26954	C6orf224|AKD2|C6orf199|AKD1
AKAP9	ENSG00000127914	KIAA0803|AKAP350|AKAP450|CG-NAP|YOTIAO|HYPERION|PRKA9|MU-RMS-40.16A|PPP1R45|LQT11	
AKR1C4	ENSG00000198610	DD4|HAKRA|C11|3-alpha-HSD|CDR|MGC22581	CHDR
AKT1	ENSG00000142208	RAC|PKB|PRKBA|AKT|RAC-alpha	
AKT2	ENSG00000105221	PKBI	
AKT3	ENSG00000117020	PKBG|RAC-gamma|PRKBG	
ALDH2	ENSG00000111275		
ALK	ENSG00000171094	CD246	
ALOX12B	ENSG00000179477	12R-LOX	
AMER1	ENSG00000184675	RP11-403E24.2|FLJ39827|WTX	FAM123B
ANGPT1	ENSG00000154188	KIAA0003|Ang1	
ANGPT2	ENSG00000091879	Ang2	
ANK1	ENSG00000029534	SPH1	ANK
ANKRD11	ENSG00000167522	LZ16|T13	
ANKRD12	ENSG00000101745	KIAA0874|FLJ20053|GAC-1	
APC	ENSG00000134982	DP2|DP3|DP2.5|PPP1R46	
APCDD1	ENSG00000154856	B7323	
APH1A	ENSG00000117362	APH-1A|CGI-78	
APOBEC3B	ENSG00000179750	PHRBNL|FLJ21201	
AR	ENSG00000169083	AIS|NR3C4|SMAX1|HUMARA	DHTR|SBMA
ARAF	ENSG00000078061		ARAF1
ARFRP1	ENSG00000101246	ARP|Arp1|ARL18	
ARHGAP26	ENSG00000145819	GRAF|KIAA0621|OPHN1L|OPHN1L1	
ARHGAP35	ENSG00000160007	GRF-1|p190ARhoGAP|P190A|KIAA1722|p190RhoGAP	GRLF1
ARHGAP5	ENSG00000100852	RhoGAP5|p190-B|p190BRhoGAP	GFI2
ARHGEF12	ENSG00000196914	KIAA0382|LARG	
ARHGEF28	ENSG00000214944	RGNEF|p190RhoGEF|RIP2	
ARID1A	ENSG00000117713	B120|P270|C10rf4|BAF250|BAF250a	C1orf4|SMARCF1
ARID1B	ENSG00000049618	KIAA1235|ELD/OSA1|p250R|BAF250b|DAN15|6A3-5	
ARID2	ENSG00000189079	KIAA1557|DKFZp686G052|FLJ30619|BAF200	
ARID3A	ENSG00000116017	BRIGHT	DRIL1
ARID3B	ENSG00000179361	BDP|DRIL2	
ARID3C	ENSG00000205143		
ARID4A	ENSG00000032219	RBP1|RBP-1	RBBP1
ARID4B	ENSG00000054267	BCAA|BRCAA1|SAP180	RBP1L1
ARID5A	ENSG00000196843	MRF-1|RP11-363D14	
ARID5B	ENSG00000150347	FLJ21150|MRF2	
ARNT	ENSG00000143437	HIF-1beta|bHLHe2	
ASCL4	ENSG00000187855	HASH4|bHLHa44	
ASH2L	ENSG00000129691	ASH2L2|ASH2|Bre2	ASH2L1
ASMTL	ENSG00000169093		
ASNS	ENSG00000070669		
ASPSCR1	ENSG00000169696	ASPS|ASPL|UBXD9|UBXN9|TUG	
ASXL1	ENSG00000171456	KIAA0978	
ASXL2	ENSG00000143970	ASXH2|FLJ10898|KIAA1685	
ASXL3	ENSG00000141431		KIAA1713
ATF1	ENSG00000123268	TREB36	
ATG5	ENSG00000057663	ASP|APG5|hAPG5	APG5L
ATIC	ENSG00000138363	PURH|AICARFT|IMPCHASE	
ATM	ENSG00000149311	TEL1|TELO1	ATA|ATDC|ATC|ATD
ATN1	ENSG00000111676	B37	D12S755E|DRPLA
ATP10A	ENSG00000206190	ATPVA|ATPVC|KIAA0566	ATP10C
ATP1A1	ENSG00000163399		
ATP1B4	ENSG00000101892		
ATP2B3	ENSG00000067842	PMCA3|CFAP39	SCAX1|CLA2
ATP6AP1	ENSG00000071553	ORF|XAP-3|VATPS1|16A|Ac45|XAP3|CF2	ATP6S1|ATP6IP1
ATP6V1B2	ENSG00000147416	VATB|Vma2|HO57	VPP3|ATP6B2
ATR	ENSG00000175054	FRP1|SCKL|SCKL1|MEC1	
ATRX	ENSG00000085224	XH2|XNP	RAD54|JMS|MRX52
ATXN2	ENSG00000204842	ATX2	SCA2|TNRC13
AURKA	ENSG00000087586	BTAK|AurA|STK7|ARK1|PPP1R47|AIK	STK15|STK6
AURKB	ENSG00000178999	Aik2|IPL1|AurB|AIM-1|ARK2|STK5|PPP1R48	STK12
AURKC	ENSG00000105146	AurC|ARK3	STK13
AXIN1	ENSG00000103126	PPP1R49	
AXIN2	ENSG00000168646	MGC126582|DKFZp781B0869	
AXL	ENSG00000167601	UFO|JTK11|Tyro7|ARK	
B2M	ENSG00000166710		
B4GALNT1	ENSG00000135454	beta1-4GalNAc-T	GALGT|SPG26
BABAM1	ENSG00000105393	FLJ20571|HSPC142|NBA1|MERIT40	C19orf62
BACH1	ENSG00000156273	BACH-1|BTBD24	
BACH2	ENSG00000112182	BTBD25	
BAP1	ENSG00000163930	hucep-6|KIAA0272|UCHL2	
BARD1	ENSG00000138376		
BBC3	ENSG00000105327	JFY1|PUMA	
BCL10	ENSG00000142867	CARMEN|CIPER|mE10|c-E10|CLAP	
BCL11A	ENSG00000119866	BCL11A-XL|BCL11A-L|BCL11A-S|CTIP1|HBFQTL5|ZNF856	EVI9
BCL11B	ENSG00000127152	CTIP-2|CTIP2|hRIT1-alpha	ZNF856B
BCL2	ENSG00000171791	Bcl-2|PPP1R50	
BCL2L1	ENSG00000171552	BCLX|BCL2L|Bcl-X|bcl-xL|bcl-xS|PPP1R52	
BCL2L11	ENSG00000153094	BOD|BimL|BimEL|BimS|BIM	
BCL2L12	ENSG00000126453		
BCL2L2	ENSG00000129473	KIAA0271|BCL-W|PPP1R51	
BCL3	ENSG00000069399		D19S37|BCL4
BCL6	ENSG00000113916	ZBTB27|LAZ3|BCL5|BCL6A	ZNF51
BCL7A	ENSG00000110987		BCL7
BCL9	ENSG00000116128		
BCL9L	ENSG00000186174	DLNB11|B9L|Bcl9-2	
BCLAF1	ENSG00000029363	KIAA0164|BTF	
BCOR	ENSG00000183337	FLJ20285|KIAA1575	
BCORL1	ENSG00000085185	FLJ11362	CXorf10
BCR	ENSG00000186716	D22S662|CML|PHL|ALL	D22S11|BCR1
BIRC2	ENSG00000110330	cIAP1|hiap-2|MIHB|RNF48|c-IAP1	API1
BIRC3	ENSG00000023445	cIAP2|hiap-1|MIHC|RNF49|MALT2|c-IAP2	API2
BIRC5	ENSG00000089685	EPR-1|survivin	API4
BIRC6	ENSG00000115760	BRUCE	
BIRC7	ENSG00000101197	mliap|ML-IAP|KIAP|RNF50	
BLM	ENSG00000197299	BS|RECQL3|RECQ2	
BMP5	ENSG00000112175		
BMPR1A	ENSG00000107779	ALK3|CD292	ACVRLK3
BORCS8-MEF2B	ENSG00000064489		MEF2BNB-MEF2B
BRAF	ENSG00000157764	BRAF1	
BRCA1	ENSG00000012048	RNF53|BRCC1|PPP1R53|FANCS	
BRCA2	ENSG00000139618	FAD|FAD1|BRCC2|XRCC11	FANCD1|FACD|FANCD
BRD2	ENSG00000204256	KIAA9001|RING3|D6S113E|NAT|FSRG1	BRD2-IT1
BRD3	ENSG00000169925	RING3L|ORFX|KIAA0043	
BRD4	ENSG00000141867	HUNKI|MCAP|CAP|HUNK1	
BRIP1	ENSG00000136492	OF|BACH1|FANCJ	
BRSK1	ENSG00000160469	KIAA1811	
BTG1	ENSG00000133639	APRO2	
BTG2	ENSG00000159388	PC3|TIS21|MGC126063|MGC126064|APRO1	
BTK	ENSG00000010671	ATK|XLA|PSCTK1	AGMX1|IMD1
BTLA	ENSG00000186265	BTLA1|CD272	
BUB1B	ENSG00000156970	BUBR1|MAD3L|Bub1A|SSK1	
C15orf65	ENSG00000261652	FLJ27352	
CACNA1D	ENSG00000157388	Cav1.3|CACH3|CACN4	CCHL1A2|CACNL1A2
CAD	ENSG00000084774	GATD4	
CALR	ENSG00000179218	RO|SSA|cC1qR|CRT|FLJ26680	
CAMTA1	ENSG00000171735	KIAA0833	
CANT1	ENSG00000171302	SHAPY|SCAN-1	
CARD11	ENSG00000198286	CARMA1|BIMP3	
CARM1	ENSG00000142453	PRMT4	
CARS1	ENSG00000110619		CARS
CASP8	ENSG00000064012	MCH5|MACH|FLICE|Casp-8	
CBFA2T3	ENSG00000129993	MTGR2|ZMYND4|MTG16|RUNX1T3|ETO2	
CBFB	ENSG00000067955	PEBP2B	
CBL	ENSG00000110395	RNF55|c-Cbl	CBL2
CBLB	ENSG00000114423	RNF56|Cbl-b	
CBLC	ENSG00000142273	CBL-3|CBL-SL|RNF57	
CCDC160	ENSG00000203952		
CCDC6	ENSG00000108091	PTC|TPC|H4	TST1|D10S170
CCNB1IP1	ENSG00000100814	HEI10	C14orf18
CCNC	ENSG00000112237	CycC	
CCND1	ENSG00000110092	U21B31	BCL1|D11S287E|PRAD1
CCND2	ENSG00000118971		
CCND3	ENSG00000112576		
CCNE1	ENSG00000105173		CCNE
CCNL1	ENSG00000163660	ania-6a	
CCR4	ENSG00000183813	CC-CKR-4|CMKBR4|CKR4|k5-5|ChemR13|CD194	
CCR7	ENSG00000126353	BLR2|CDw197|CD197	CMKBR7|EBI1
CCT6B	ENSG00000132141	Cctz2|TSA303	
CD19	ENSG00000177455		
CD209	ENSG00000090659	DC-SIGN|hDC-SIGN|CDSIGN|DC-SIGN1|CLEC4L	
CD22	ENSG00000012124	SIGLEC-2|SIGLEC2	
CD248	ENSG00000174807	TEM1	CD164L1
CD27	ENSG00000139193	S152|Tp55	TNFRSF7
CD274	ENSG00000120217	B7-H|B7H1|PD-L1|PDL1|B7-H1	PDCD1LG1
CD276	ENSG00000103855	B7-H3|B7H3|B7RP-2	
CD28	ENSG00000178562		
CD33	ENSG00000105383	SIGLEC3|SIGLEC-3|p67|FLJ00391	
CD36	ENSG00000135218	SCARB3|GPIV|FAT|GP4|GP3B	
CD37	ENSG00000104894	TSPAN26	
CD38	ENSG00000004468		
CD3D	ENSG00000167286		T3D
CD52	ENSG00000169442	HE5|EDDM5	CDW52
CD58	ENSG00000116815		LFA3
CD70	ENSG00000125726	CD27L	CD27LG|TNFSF7
CD74	ENSG00000019582		DHLAG
CD79A	ENSG00000105369	MB-1	IGA
CD79B	ENSG00000007312	B29	IGB
CDC42	ENSG00000070831	G25K|CDC42Hs	
CDC42EP1	ENSG00000128283	MSE55|CEP1|Borg5	
CDC73	ENSG00000134371	parafibromin|FIHP	C1orf28|HRPT2|HRPT1
CDH1	ENSG00000039068	uvomorulin|CD324	UVO
CDH10	ENSG00000040731		
CDH11	ENSG00000140937	OB|CAD11	
CDH17	ENSG00000079112	HPT-1|cadherin	
CDK1	ENSG00000170312	CDC28A	CDC2
CDK12	ENSG00000167258	CRK7|CRKR|KIAA0904	CRKRS
CDK2	ENSG00000123374		
CDK4	ENSG00000135446	PSK-J3	
CDK5	ENSG00000164885	PSSALRE	
CDK6	ENSG00000105810	PLSTIRE	
CDK7	ENSG00000134058	CAK1|CDKN7|MO15|STK1|CAK	
CDK8	ENSG00000132964	K35	
CDK9	ENSG00000136807	PITALRE|C-2k|TAK	CDC2L4
CDKN1A	ENSG00000124762	P21|CIP1|WAF1|SDI1|CAP20|p21CIP1|p21Cip1/Waf1|p21	CDKN1
CDKN1B	ENSG00000111276	KIP1|P27KIP1	
CDKN2A	ENSG00000147889	CDK4I|p16|INK4a|MTS1|CMM2|ARF|p19|p14|INK4|p16INK4a|p19Arf|p14ARF	CDKN2|MLM
CDKN2B	ENSG00000147883	P15|MTS2|INK4B|TP15|CDK4I|p15INK4b	
CDKN2C	ENSG00000123080	INK4C|p18	
CDX2	ENSG00000165556		CDX3
CEACAM5	ENSG00000105388	CD66e	CEA
CEBPA	ENSG00000245848	C/EBP-alpha	CEBP
CENPA	ENSG00000115163	CENP-A|CenH3	
CEP89	ENSG00000121289	FLJ14640	CCDC123
CHCHD7	ENSG00000170791	MGC2217|COX23	
CHD1	ENSG00000153922		
CHD2	ENSG00000173575	FLJ38614|DKFZp547I1315|DKFZp781D1727|DKFZp686E01200	
CHD4	ENSG00000111642	Mi-2b|Mi2-BETA	
CHEK1	ENSG00000149554	CHK1	
CHEK2	ENSG00000183765	CDS1|CHK2|HuCds1|PP1425|bA444G7	RAD53
CHIC2	ENSG00000109220	BTL	
CHN1	ENSG00000128656	RhoGAP2|ARHGAP2|n-chimerin	CHN|DURS2
CHST11	ENSG00000171310	C4ST1|C4St-1|C4ST|HSA269537	
CHUK	ENSG00000213341	IKK1|IKK-alpha|IkBKA|NFKBIKA|IKKA	TCF16
CIC	ENSG00000079432	KIAA0306	
CIITA	ENSG00000179583	C2TA|NLRA	MHC2TA
CKS1B	ENSG00000173207	ckshs1|CKS1	
CLIP1	ENSG00000130779	CYLN1|CLIP170|CLIP|CLIP-170	RSN
CLP1	ENSG00000172409	HEAB|hClp1	
CLTC	ENSG00000141367	Hc	CLTCL2
CLTCL1	ENSG00000070371	CLTD|CLH22|CHC22	CLTCL
CNBD1	ENSG00000176571	FLJ35802	
CNBP	ENSG00000169714	RNF163|ZCCHC22|CNBP1	DM2|ZNF9
CNOT3	ENSG00000088038	NOT3H|KIAA0691|LENG2	NOT3
CNTNAP2	ENSG00000174469	Caspr2|KIAA0868|NRXN4	
CNTRL	ENSG00000119397		CEP1|CEP110
COL11A1	ENSG00000060718	STL2|CO11A1	COLL6|DFNA37
COL1A1	ENSG00000108821	OI4	
COL2A1	ENSG00000139219	STL1	SEDC|AOM
COL3A1	ENSG00000168542		EDS4A
COX6C	ENSG00000164919		
CPS1	ENSG00000021826	GATD6	
CRBN	ENSG00000113851	MRT2	MRT2A
CREB1	ENSG00000118260		
CREB3L1	ENSG00000157613	OASIS	
CREB3L2	ENSG00000182158	BBF2H7|TCAG_1951439	
CREBBP	ENSG00000005339	RTS|CBP|KAT3A	RSTS
CRIPAK	ENSG00000163945		
CRKL	ENSG00000099942		
CRLF2	ENSG00000205755	CRL2|TSLPR	
CRNKL1	ENSG00000101343	CRN|CLF|SYF3|Clf1	
CRTC1	ENSG00000105662	KIAA0616|FLJ14027|TORC1	MECT1
CRTC3	ENSG00000140577	FLJ21868	
CSDE1	ENSG00000009307	D1S155E|UNR	
CSF1	ENSG00000184371	M-CSF|MCSF|MGC31930	
CSF1R	ENSG00000182578	C-FMS|CSFR|CD115	FMS
CSF3R	ENSG00000119535	GCSFR	CD114
CSMD3	ENSG00000164796		
CTCF	ENSG00000102974	FAP108|CFAP108	
CTLA4	ENSG00000163599	CD152|CD|GSE|CTLA-4	CELIAC3|IDDM12
CTNNA1	ENSG00000044115	CAP102	
CTNNA2	ENSG00000066032	CAP-R|CT114	
CTNNB1	ENSG00000168036	beta-catenin|armadillo	CTNNB
CTNND1	ENSG00000198561	KIAA0384|p120|p120cas|p120ctn	CTNND
CTNND2	ENSG00000169862	NPRAP|GT24	
CUL3	ENSG00000036257		
CUL4A	ENSG00000139842		
CUL4B	ENSG00000158290		
CUX1	ENSG00000257923	CDP|CDP1|CUX|CUT|Clox|CDP/Cut|CDP/Cux|Cux/CDP|CASP|GOLIM6	CUTL1
CXCR4	ENSG00000121966	LESTR|NPY3R|HM89|NPYY3R|D2S201E|fusin|HSY3RR|NPYR|CD184	
CYLD	ENSG00000083799	KIAA0849|USPL2	CYLD1
CYP17A1	ENSG00000148795	P450C17|CPT7|S17AH	CYP17
CYP2C8	ENSG00000138115	CPC8	
CYSLTR2	ENSG00000152207	CysLT(2)|CYSLT2R	
D2HGDH	ENSG00000180902	MGC25181|D2HGD|FLJ42195	
DAXX	ENSG00000204209	DAP6	
DCAF12L2	ENSG00000198354		WDR40C
DCC	ENSG00000187323	IGDCC1|NTN1R1	
DCHS1	ENSG00000166341	FIB1|KIAA1773|FLJ11790|CDHR6	CDH25|PCDH16
DCTN1	ENSG00000204843		
DCUN1D1	ENSG00000043093	RP42|SCRO|DCUN1L1|Tes3|SCCRO	
DDB2	ENSG00000134574	DDBB|UV-DDB2|FLJ34321|XPE	
DDIT3	ENSG00000175197	CHOP10|GADD153|CHOP	
DDR2	ENSG00000162733	TKT	TYRO10|NTRKR3
DDX10	ENSG00000178105	HRH-J8|Dbp4	
DDX3X	ENSG00000215301	DBX|HLP2|DDX14	DDX3
DDX5	ENSG00000108654	p68	HLR1|G17P1
DDX6	ENSG00000110367	RCK|Rck/p54	HLR2
DEK	ENSG00000124795	D6S231E	
DGCR8	ENSG00000128191	DGCRK6|Gy1|pasha	C22orf12
DICER1	ENSG00000100697	Dicer|KIAA0928|K12H4.8-LIKE|HERNA	MNG1
DIS3	ENSG00000083520	dis3p|RRP44|EXOSC11	KIAA1008
DKC1	ENSG00000130826	XAP101|dyskerin|NAP57|NOLA4|Cbf5	DKC
DKK1	ENSG00000107984	SK|DKK-1	
DKK2	ENSG00000155011		
DKK3	ENSG00000050165	REIC|RIG	
DKK4	ENSG00000104371		
DLL4	ENSG00000128917		
DMD	ENSG00000198947	BMD|DXS142|DXS164|DXS206|DXS230|DXS239|DXS268|DXS269|DXS270|DXS272	MRX85
DNAH12	ENSG00000174844	DLP12|Dnahc3|HL-19|hdhc3|DHC3|FLJ40427|FLJ44290	DNHD2|DNAH12L|DNAH7L
DNAJB1	ENSG00000132002	Hsp40|Sis1|RSPH16B	HSPF1
DNM2	ENSG00000079805	DYNII|DYN2|CMTDIB|CMTDI1|DI-CMTB|CMT2M	
DNMT1	ENSG00000130816	MCMT|CXXC9	DNMT
DNMT3A	ENSG00000119772		
DNMT3B	ENSG00000088305		
DOCK2	ENSG00000134516	KIAA0209	
DOT1L	ENSG00000104885	KIAA1814|DOT1|KMT4	
DPYD	ENSG00000188641	DPD|DHPDHase	
DROSHA	ENSG00000113360	RNASE3L|Etohi2|HSA242976|RN3	RNASEN
DTX1	ENSG00000135144	hDx-1|RNF140	
DUSP2	ENSG00000158050	PAC-1	
DUSP22	ENSG00000112679	MKPX|JSP1|JKAP|VHX	
DUSP4	ENSG00000120875	HVH2|MKP-2|TYP	
DUSP9	ENSG00000130829	MKP-4|MKP4	
DUX4	ENSG00000260596		
E2F3	ENSG00000112242		
EBF1	ENSG00000164330	OLF1|COE1	EBF
ECT2L	ENSG00000203734	ARHGEF32|FBXO49|LFDH	C6orf91
EED	ENSG00000074266	WAIT-1|HEED	
EGFL7	ENSG00000172889	ZNEU1	
EGFR	ENSG00000146648	ERBB1|ERRP	ERBB
EGR1	ENSG00000120738	TIS8|G0S30|NGFI-A|KROX-24|ZIF-268|AT225|ZNF225	
EGR3	ENSG00000179388	PILOT	
EIF1AX	ENSG00000173674	eIF-1A|eIF-4C	EIF4C|EIF1A
EIF2B1	ENSG00000111361	EIF-2Balpha|EIF-2B|EIF2BA	EIF2B
EIF3E	ENSG00000104408	eIF3-p48	INT6|EIF3S6
EIF4A2	ENSG00000156976	DDX2B|EIF4A|BM-010	EIF4F
EIF4E	ENSG00000151247	EIF4E1	EIF4EL1|EIF4F
EIF4EBP1	ENSG00000187840	PHAS-I|4E-BP1	
ELF3	ENSG00000163435	EPR-1|ESE-1|ERT	ESX
ELF4	ENSG00000102034	MEF|ELFR	
ELK4	ENSG00000158711	SAP1	
ELL	ENSG00000105656	Men|ELL1|PPP1R68	C19orf17
ELN	ENSG00000049540	WBS|WS|SVAS	
ELOC	ENSG00000154582	SIII	TCEB1
ELP2	ENSG00000134759	FLJ10879|StIP	STATIP1
EML4	ENSG00000143924	ROPP120|ELP120	C2orf2
EMSY	ENSG00000158636		C11orf30
ENG	ENSG00000106991	END|HHT1|CD105	ORW1|ORW
EP300	ENSG00000100393	p300|KAT3B	
EP400	ENSG00000183495	CAGH32|KIAA1498|P400|KIAA1818|DKFZP434I225	TNRC12
EPAS1	ENSG00000116016	MOP2|PASD2|HIF2A|HLF|bHLHe73	
EPCAM	ENSG00000119888	Ly74|TROP1|GA733-2|EGP34|EGP40|EGP-2|KSA|CD326|Ep-CAM|HEA125|KS1/4|MK-1|MH99|MOC31|323/A3|17-1A|TACST-1|CO-17A|ESA	M4S1|MIC18|TACSTD1
EPHA10	ENSG00000183317	FLJ16103|FLJ33655	
EPHA2	ENSG00000142627		ECK
EPHA3	ENSG00000044524	HEK|HEK4	ETK|ETK1|TYRO4
EPHA4	ENSG00000116106	Hek8	TYRO1
EPHA5	ENSG00000145242	Hek7|TYRO4|CEK7|EHK1	
EPHA6	ENSG00000080224	FLJ35246	
EPHA7	ENSG00000135333	Hek11	
EPHA8	ENSG00000070886	Hek3	EEK
EPHB1	ENSG00000154928	Hek6	EPHT2
EPHB2	ENSG00000133216	Hek5|Tyro5	DRT|ERK|EPHT3
EPHB3	ENSG00000182580	Hek2|Tyro6	ETK2
EPHB4	ENSG00000196411	Tyro11	HTK
EPHB6	ENSG00000106123	HEP	
EPOR	ENSG00000187266		
EPPK1	ENSG00000261150	EPIPL1	
EPS15	ENSG00000085832	AF-1P|MLLT5	
ERBB2	ENSG00000141736	NEU|HER-2|CD340|HER2	NGL
ERBB3	ENSG00000065361	HER3	LCCS2
ERBB4	ENSG00000178568	ALS19|HER4	
ERC1	ENSG00000082805	ELKS|KIAA1081|CAST2|MGC12974	RAB6IP2
ERCC2	ENSG00000104884	MAG|EM9|MGC102762|MGC126218|MGC126219	XPD
ERCC3	ENSG00000163161	XPB|BTF2|RAD25|Ssl2	
ERCC4	ENSG00000175595	RAD1|FANCQ	XPF
ERCC5	ENSG00000134899		ERCM2|XPGC
ERF	ENSG00000105722	PE-2|PE2	
ERG	ENSG00000157554	erg-3|p55	
ERRFI1	ENSG00000116285	MIG-6|GENE-33|RALT	
ESCO1	ENSG00000141446	ESO1|EFO1|KIAA1911	
ESCO2	ENSG00000171320	EFO2	RBS
ESR1	ENSG00000091831	NR3A1|Era|ER-alpha	ESR
ETNK1	ENSG00000139163	EKI1|EKI	
ETS1	ENSG00000134954	FLJ10768|ETS-1	EWSR2
ETV1	ENSG00000006468	ER81	
ETV4	ENSG00000175832	E1A-F|E1AF|PEA3	
ETV5	ENSG00000244405	ERM	
ETV6	ENSG00000139083	TEL	
EWSR1	ENSG00000182944	EWS	
EXOSC6	ENSG00000223496	MTR3|hMtr3p|Mtr3p|EAP4|p11	
EXT1	ENSG00000182197	ttv	LGCR|LGS
EXT2	ENSG00000151348	SOTV	
EZH1	ENSG00000108799	KIAA0388|KMT6B	
EZH2	ENSG00000106462	EZH1|ENX-1|KMT6|KMT6A	
EZR	ENSG00000092820		VIL2
F2	ENSG00000180210		
F5	ENSG00000198734		
FAF1	ENSG00000185104	CGI-03|hFAF1|HFAF1s|UBXD12|UBXN3A	
FAM131B	ENSG00000159784	KIAA0773	
FAM135B	ENSG00000147724	C8ORFK32	
TENT5C	ENSG00000183508	FLJ20202	FAM46C
FAM47C	ENSG00000198173		
CCNQ	ENSG00000147382	CycM	FAM58A
FANCA	ENSG00000187741	FAA|FA-H|FAH	FACA|FANCH
FANCC	ENSG00000158169	FAC|FA3	FACC
FANCD2	ENSG00000144554	FAD|FA-D2	FACD|FANCD
FANCE	ENSG00000112039	FAE	FACE
FANCF	ENSG00000183161	FAF	
FANCG	ENSG00000221829	FAG	XRCC9
FANCI	ENSG00000140525	FLJ10719	KIAA1794
FANCL	ENSG00000115392	FLJ10335|FAAP43|Pog	PHF9
FANCM	ENSG00000187790	FAAP250	KIAA1596
FAS	ENSG00000026103	CD95|APO-1	FAS1|APT1|TNFRSF6
FASN	ENSG00000169710	FAS|SDR27X1	
FAT1	ENSG00000083857	CDHF7|CDHR8	FAT
FAT3	ENSG00000165323	KIAA1989|CDHF15|CDHR10	
FAT4	ENSG00000196159	CDHF14|FAT-J|CDHR11	
FBLN2	ENSG00000163520		
FBXO11	ENSG00000138081	FBX11|UBR6	
FBXO31	ENSG00000103264	FBX14|FBXO14|Fbx31|MGC15419	
FBXW7	ENSG00000109670	AGO|FLJ11071|SEL-10|SEL10|FBW7|FBX30|CDC4|FBXW6	
FCGR2B	ENSG00000072694	CD32|CD32B	FCG2|FCGR2
FCRL4	ENSG00000163518	FCRH4|IRTA1|IGFP2|CD307d	
FEN1	ENSG00000168496	FEN-1|MF1	RAD2
FES	ENSG00000182511	FPS	
FEV	ENSG00000163497	Pet-1	
FGF1	ENSG00000113578	AFGF|ECGF|ECGFA|ECGFB|HBGF1|ECGF-beta|FGF-alpha|GLIO703	FGFA
FGF10	ENSG00000070193		
FGF12	ENSG00000114279	FHF1	FGF12B
FGF14	ENSG00000102466	FHF4|SCA27	
FGF19	ENSG00000162344		
FGF2	ENSG00000138685		FGFB
FGF23	ENSG00000118972		
FGF3	ENSG00000186895	HBGF-3	INT2
FGF4	ENSG00000075388	K-FGF|HBGF-4|HST|HST-1|KFGF	HSTF1
FGF6	ENSG00000111241		
FGF7	ENSG00000140285	KGF	
FGFR1	ENSG00000077782	H2|H3|H4|H5|CEK|FLG|BFGFR|N-SAM|CD331	FLT2|KAL2
CEP43	ENSG00000213066	FOP	FGFR1OP
FGFR2	ENSG00000066468	CEK3|TK14|TK25|ECT1|K-SAM|CD332	KGFR|BEK|CFD1|JWS
FGFR3	ENSG00000068078	CEK2|JTK4|CD333	ACH
FGFR4	ENSG00000160867	JTK2|CD334	
FH	ENSG00000091483		
FHIT	ENSG00000189283	FRA3B|AP3Aase	
FIP1L1	ENSG00000145216	DKFZp586K0717|FIP1	
FKBP1A	ENSG00000088832	FKBP-12|FKBP12|PKC12|PPIASE|FKBP12C	FKBP1
FKBP9	ENSG00000122642	FKBP60|FKBP63	
FLCN	ENSG00000154803	BHD|MGC17998|MGC23445|DENND8B	
FLI1	ENSG00000151702	SIC-1|EWSR2	
FLII	ENSG00000177731	FLI|FLIL|Fli1|MGC39265	
FLNA	ENSG00000196924	ABP-280	FLN1|FLN|OPD2|OPD1
FLT1	ENSG00000102755	VEGFR1	FLT
FLT3	ENSG00000122025	STK1|FLK2|CD135	
FLT4	ENSG00000037280	VEGFR3|PCL|VEGFR-3	
FLYWCH1	ENSG00000059122	DKFZp761A132	
FN1	ENSG00000115414	MSF|CIG|LETS|GFND2|FINC	
FNBP1	ENSG00000187239	FBP17|KIAA0554	
FNTA	ENSG00000168522	FPTA|PGGT1A|PTAR2	
FNTB	ENSG00000257365	FPTB	
FOLH1	ENSG00000086205	PSM|PSMA|NAALAD1|NAALAdase|GCP2|GCPII	FOLH
FOLR1	ENSG00000110195	FRÎ±	FOLR
FOLR2	ENSG00000165457	FRÎ²	
FOLR3	ENSG00000110203	FR-G|FRÎ³	
FOXA1	ENSG00000129514		HNF3A
FOXA2	ENSG00000125798		HNF3B
FOXL2	ENSG00000183770	BPES1	BPES
FOXO1	ENSG00000150907	FKH1	FKHR|FOXO1A
FOXO3	ENSG00000118689	AF6q21|FOXO2	FKHRL1|FOXO3A
FOXO4	ENSG00000184481	AFX1	MLLT7
FOXP1	ENSG00000114861	QRF1|12CC4|HSPC215|hFKH1B	
FOXR1	ENSG00000176302	DLNB13|FOXN5	
FRS2	ENSG00000166225	SNT-1|FRS2alpha|SNT1|FRS2A	
FSTL3	ENSG00000070404	FLRG|FSRP	
FUBP1	ENSG00000162613	FBP	FUBP
FURIN	ENSG00000140564	SPC1	PCSK3|FUR|PACE
FUS	ENSG00000089280	TLS|FUS1|hnRNP-P2|HNRNPP2	ALS6
FYN	ENSG00000010810	SYN|SLK|MGC45350	
FZD10	ENSG00000111432	CD350	
FZD7	ENSG00000155760	FzE3	
FZD8	ENSG00000177283		
FZR1	ENSG00000105325	HCDH1|CDH1|HCDH|FZR|FZR2|KIAA1242|CDC20C	
G6PD	ENSG00000160211	G6PD1	
GABRA6	ENSG00000145863		
GADD45B	ENSG00000099860	GADD45BETA|DKFZP566B133	MYD118
GAS7	ENSG00000007237	KIAA0394|MGC1348	
GATA1	ENSG00000102145	ERYF1|NFE1|GATA-1|NF-E1	GF1
GATA2	ENSG00000179348	NFE1B	
GATA3	ENSG00000107485	HDR	
GATA4	ENSG00000136574		
GATA6	ENSG00000141448		
GDNF	ENSG00000168621	ATF1|ATF2|HFB1-GDNF	
GID4	ENSG00000141034	VID24	C17orf39
GLI1	ENSG00000111087		GLI
GLI3	ENSG00000106571	PAP-A|PAPA|PAPA1|PAPB|ACLS|PPDIV	GCPS|PHS
GMPS	ENSG00000163655	GATD7	
GNA11	ENSG00000088256	FBH|FBH2|FHH2	HHC2
GNA12	ENSG00000146535	gep	
GNA13	ENSG00000120063	G13|MGC46138	
GNAQ	ENSG00000156052	G-ALPHA-q|GAQ	
GNAS	ENSG00000087460	NESP55|NESP|GNASXL|GPSA|SCG6|SgVI	GNAS1
GNB1	ENSG00000078369		
GOLGA5	ENSG00000066455	ret-II|golgin-84|rfg5|GOLIM5	
GOLPH3	ENSG00000113384	GPP34|GOPP1|MIDAS|Vps74	
GOPC	ENSG00000047932	dJ94G16.2|PIST|FIG|GOPC1|CAL	
GPC3	ENSG00000147257	OCI-5|SGBS|SGBS1|SGB|DGSX	SDYS
GPHN	ENSG00000171723	KIAA1385	
GPNMB	ENSG00000136235	NMB|HGFIN	
GPS2	ENSG00000132522		
GREM1	ENSG00000166923	DRM|gremlin|DAND2|HMPS	CKTSF1B1|CRAC1
GRIN2A	ENSG00000183454	GluN2A	NMDAR2A
GRM3	ENSG00000198822	GPRC1C|mGlu3|MGLUR3	
GSK3B	ENSG00000082701		
GTF2I	ENSG00000263001	TFII-I|BAP-135|SPIN|BTKAP1|DIWS|IB291	WBSCR6
GTSE1	ENSG00000075218	GTSE-1|B99	
GUCY2C	ENSG00000070019	STAR	GUC2C
H3-3A	ENSG00000163041	H3.3A	H3F3|H3F3A
H3P6	ENSG00000235655	p13	H3F3AP4
H3-3B	ENSG00000132475	H3.3B	H3F3B
H3-5	ENSG00000188375	H3.5	H3F3C
HDAC1	ENSG00000116478	HD1|GON-10|KDAC1	RPD3L1
HDAC10	ENSG00000100429	DKFZP761B039	
HDAC11	ENSG00000163517		
HDAC2	ENSG00000196591	RPD3|YAF1|KDAC2	
HDAC3	ENSG00000171720	RPD3|HD3|RPD3-2|KDAC3	
HDAC4	ENSG00000068024	KIAA0288|HDAC-A|HDACA|HD4|HA6116|HDAC-4	BDMR
HDAC5	ENSG00000108840	KIAA0600|NY-CO-9|FLJ90614	
HDAC6	ENSG00000094631	KIAA0901|JM21|HD6|FLJ16239|PPP1R90	
HDAC7	ENSG00000061273	DKFZP586J0917	HDAC7A
HDAC8	ENSG00000147099	RPD3|KDAC8	HDACL1|WTS|MRXS6
HDAC9	ENSG00000048052	KIAA0744|HDAC|MITR|HD7|HDAC7B	
HERPUD1	ENSG00000051108	KIAA0025|Mif1|HERP|SUP	
HEY1	ENSG00000164683	HESR-1|CHF2|HESR1|HRT-1|CHF-2|HERP2|bHLHb31	
HGF	ENSG00000019991	SF|F-TCF|HGFB|HPTA	DFNB39
HIF1A	ENSG00000100644	MOP1|HIF-1alpha|PASD8|HIF1|bHLHe78	
HIP1	ENSG00000127946	ILWEQ	
H1-5	ENSG00000184357	H1b|H1s-3	H1F5|HIST1H1B
H1-2	ENSG00000187837	H1.2|H1s-1|H1c	H1F2|HIST1H1C
H1-3	ENSG00000124575	H1.3|H1d|H1s-2	H1F3|HIST1H1D
H1-4	ENSG00000168298	H1.4|H1e|H1s-4	H1F4|HIST1H1E
H2AC6	ENSG00000180573		H2AFL|HIST1H2AC
H2AC11	ENSG00000196787	pH2A/f|H2A/p|H2A.1b	H2AFP|HIST1H2AG
H2AC16	ENSG00000276903	H2A/i|dJ193B12.9	H2AFI|HIST1H2AL
H2AC17	ENSG00000278677	H2A/n|H2A.1	H2AFN|HIST1H2AM
H2BC4	ENSG00000180596	H2B/l|H2B.1	H2BFL|HIST1H2BC
H2BC5	ENSG00000158373	H2B/b	H2BFB|HIST1H2BD
H2BC8	ENSG00000273802	H2B/a|H2B.1A	H2BFA|HIST1H2BG
H2BC11	ENSG00000124635	H2B/r	H2BFR|HIST1H2BJ
H2BC12	ENSG00000197903	H2BFAiii	H2BFT|HIST1H2BK
H2BC17	ENSG00000274641	H2B/n|H2B.2	H2BFN|HIST1H2BO
H3C1	ENSG00000275714	H3/A	H3FA|HIST1H3A
H3C2	ENSG00000274267	H3/l	H3FL|HIST1H3B
H3C3	ENSG00000278272	H3/c|H3.1	H3FC|HIST1H3C
H3C4	ENSG00000282988	H3/b	H3FB|HIST1H3D
H3C6	ENSG00000274750	H3/d|H3.1	H3FD|HIST1H3E
H3C7	ENSG00000277775	H3/i	H3FI|HIST1H3F
H3C8	ENSG00000273983	H3/h	H3FH|HIST1H3G
H3C10	ENSG00000278828	H3/k|H3F1K	H3FK|HIST1H3H
H3C11	ENSG00000275379	H3/f|H3.f	H3FF|HIST1H3I
H3C12	ENSG00000197153	H3/j	H3FJ|HIST1H3J
H4C9	ENSG00000276180	H4/m	H4FM|HIST1H4I
H3C15	ENSG00000203852	H3/n|H3/o	HIST2H3A
H3C14	ENSG00000203811	MGC9629|H3/m|H3|H3.2|H3/M	H3F2|H3FM|HIST2H3C
H3C13	ENSG00000183598		HIST2H3D
H3-4	ENSG00000168148	H3t|H3/g|H3.4	H3FT|HIST3H3
HLF	ENSG00000108924	MGC33822	
HMGA1	ENSG00000137309		HMGIY
HMGA2	ENSG00000149948	BABL|LIPO	HMGIC
HMGN2P46	ENSG00000179362	FLJ39426|D-PCa-2	C15orf21
HNF1A	ENSG00000135100	HNF1|LFB1|HNF1Î±	MODY3|TCF1
HNRNPA2B1	ENSG00000122566		HNRPA2B1
HOOK3	ENSG00000168172	HK3	
HOXA11	ENSG00000005073		HOX1I|HOX1
HOXA13	ENSG00000106031		HOX1J|HOX1
HOXA3	ENSG00000105997		HOX1E|HOX1
HOXA9	ENSG00000078399		HOX1G|HOX1
HOXB13	ENSG00000159184		
HOXC11	ENSG00000123388		HOX3H
HOXC13	ENSG00000123364		HOX3|HOX3G
HOXD11	ENSG00000128713		HOX4|HOX4F
HOXD13	ENSG00000128714		HOX4I|SPD
HRAS	ENSG00000174775		HRAS1
HSD3B1	ENSG00000203857	SDR11E1	HSDB3|HSD3B
HSP90AA1	ENSG00000080824	Hsp89|Hsp90|FLJ31884|HSP90N	HSPC1|HSPCA
HSP90AB1	ENSG00000096384		HSPC2|HSPCB
HSP90B1	ENSG00000166598	GP96|GRP94	TRA1
HSPB1	ENSG00000106211	HSP27|HSP28|Hs.76067|Hsp25|CMT2F	
ICE1	ENSG00000164151		KIAA0947
CILK1	ENSG00000112144	MRK|LCK2|KIAA0936|MGC46090	ICK
ICOSLG	ENSG00000160223	KIAA0653|GL50|B7-H2|B7RP-1|B7H2|B7RP1|ICOS-L|CD275|B7h	ICOSL
ID3	ENSG00000117318	HEIR-1|bHLHb25	
IDH1	ENSG00000138413		
IDH2	ENSG00000182054		
IDO1	ENSG00000131203		IDO|INDO
IFNGR1	ENSG00000027697	CD119	IFNGR
IGF1	ENSG00000017427	IGF1A|IGFI|IGF-I|IGF	
IGF1R	ENSG00000140443	JTK13|CD221|IGFIR|MGC18216|IGFR	
IGF2	ENSG00000167244	FLJ44734|IGF-II	C11orf43
IGF2R	ENSG00000197081	CD222|MPRI|MPR1|CIMPR|M6P-R|CI-M6PR|CI-MPR|MPR300	
IGFBP7	ENSG00000163453	MAC25|IGFBP-7|PSF|FSTL2	
IKBKB	ENSG00000104365	IKK2|NFKBIKB|IKK-beta|IKKB	
IKBKE	ENSG00000263528	IKKE|IKK-i|KIAA0151	
IKZF1	ENSG00000185811	hIk-1|LyF-1|Hs.54452|IKAROS|PPP1R92	ZNFN1A1
IKZF2	ENSG00000030419	Helios	ZNFN1A2
IKZF3	ENSG00000161405	Aiolos	ZNFN1A3
IL10	ENSG00000136634	CSIF|TGIF|IL10A|IL-10	
IL2	ENSG00000109471	IL-2|TCGF	
IL21R	ENSG00000103522	CD360	
IL2RA	ENSG00000134460	CD25	IL2R|IDDM10
IL3	ENSG00000164399	IL-3|MULTI-CSF|MCGF|MGC79398|MGC79399	
IL6ST	ENSG00000134352	GP130|CD130|sGP130|IL-6RB	
IL7R	ENSG00000168685	CD127|IL7RA	
INHA	ENSG00000123999		
INHBA	ENSG00000122641		
INPP4A	ENSG00000040933		INPP4
INPP4B	ENSG00000109452		
INPP5D	ENSG00000168918	SHIP|hp51CN|SHIP1	
INPPL1	ENSG00000165458	SHIP2	
INSR	ENSG00000171105	CD220	
INSRR	ENSG00000027644	IRR	
IRF1	ENSG00000125347	MAR	
IRF2	ENSG00000168310		
IRF4	ENSG00000137265	LSIRF	MUM1
IRF8	ENSG00000140968	IRF-8|ICSBP	ICSBP1
IRS1	ENSG00000169047	HIRS-1	
IRS2	ENSG00000185950		
IRS4	ENSG00000133124	PY160|IRS-4	
ISX	ENSG00000175329	RAXLX	
ITGAL	ENSG00000005844	LFA-1	CD11A
ITGAV	ENSG00000138448	CD51	VNRA|MSK8|VTNR
ITK	ENSG00000113263	EMT|PSCTK2|LYK	
JAK1	ENSG00000162434	JAK1A|JTK3	JAK1B
JAK2	ENSG00000096968	JTK10	
JAK3	ENSG00000105639	L-JAK|JAKL|LJAK|JAK3_HUMAN|JAK-3	
JARID2	ENSG00000008083		JMJ
JAZF1	ENSG00000153814	TIP27|DKFZp761K2222|ZNF802	
JUN	ENSG00000177606	c-Jun|AP-1	
KAT6A	ENSG00000083168	MOZ|ZC2HC6A	ZNF220|RUNXBP2|MYST3
KAT6B	ENSG00000156650	querkopf|qkf|Morf|MOZ2|ZC2HC6B	MYST4
KAT7	ENSG00000136504	HBOA|HBO1|ZC2HC7	MYST2
KCNJ5	ENSG00000120457	Kir3.4|CIR|KATP1|GIRK4|LQT13	
KDM1A	ENSG00000004487	KIAA0601|BHC110|LSD1	AOF2|KDM1
KDM2B	ENSG00000089094	PCCX2|CXXC2|Fbl10|JHDM1B	FBXL10
KDM4C	ENSG00000107077	GASC1|KIAA0780|TDRD14C	JMJD2C
KDM5A	ENSG00000073614		RBBP2|JARID1A
KDM5C	ENSG00000126012	DXS1272E|XE169	SMCX|JARID1C|MRX13
KDM6A	ENSG00000147050		UTX
KDR	ENSG00000128052	FLK1|VEGFR|VEGFR2|CD309	
KDSR	ENSG00000119537	DHSR|SDR35C1	FVT1
KEAP1	ENSG00000079999	KIAA0132|MGC10630|MGC1114|MGC20887|MGC4407|MGC9454|INrf2|KLHL19	
KEL	ENSG00000197993	ECE3|CD238	
KIAA1109	ENSG00000138688	FLJ21404|FSA|KIAA1371|Tweek	
KIAA1549	ENSG00000122778		
KIF11	ENSG00000138160	Eg5|HKSP|TRIP5	KNSL1
KIF5B	ENSG00000170759	KNS	KNS1
KIT	ENSG00000157404	CD117|SCFR|C-Kit	PBT
KLF4	ENSG00000136826	EZF|GKLF	
KLF6	ENSG00000067082	CPBP|GBF|Zf9|PAC1	BCD1|ST12|COPEB
KLHL6	ENSG00000172578	FLJ00029	
KLK2	ENSG00000167751		
KMT2A	ENSG00000118058	TRX1|HRX|ALL-1|HTRX1|CXXC7|MLL1A	MLL
KMT2B	ENSG00000272333	KIAA0304|MLL2|TRX2|HRX2|WBP7|MLL1B|MLL4|CXXC10	
KMT2C	ENSG00000055609	KIAA1506|HALR	MLL3
KMT2D	ENSG00000167548	ALR|MLL4|CAGL114	TNRC21|MLL2
KMT5A	ENSG00000183955	SET8|SET07|PR-Set7	SETD8
KNL1	ENSG00000137812	D40|AF15Q14|CT29|KIAA1570|hKNL-1|hSpc105|PPP1R55|Spc7	MCPH4|CASC5
KNSTRN	ENSG00000128944	FLJ14502|SKAP|kinastrin|TRAF4AF1	C15orf23
KRAS	ENSG00000133703	KRAS1|K-Ras4B	KRAS2
KSR2	ENSG00000171435	FLJ25965	
KTN1	ENSG00000126777	KIAA0004|CG1|KNT	
LARP4B	ENSG00000107929		KIAA0217|LARP5
LASP1	ENSG00000002834	MLN50|Lasp-1	
LATS1	ENSG00000131023	WARTS	
LATS2	ENSG00000150457		
LCK	ENSG00000182866		
LCP1	ENSG00000136167	PLS2|CP64|L-PLASTIN|LC64P	
LDHA	ENSG00000134333		
LEF1	ENSG00000138795	TCF1ALPHA|TCF10|TCF7L3	
LFNG	ENSG00000106003	SCDO3	
LGR6	ENSG00000133067	FLJ14471	
LHFPL6	ENSG00000183722	MGC22429	LHFP
LIFR	ENSG00000113594	CD118	
LINC00598	ENSG00000215483	TTL|lncFOXO1	
LMNA	ENSG00000160789	HGPS|MADA	LMN1|CMD1A|LGMD1B|PRO1|LMNL1
LMO1	ENSG00000166407	TTG1|RHOM1	RBTN1
LMO2	ENSG00000135363	TTG2|RHOM2|RBTN2	RBTNL1
LONP1	ENSG00000196365	LonHS|hLON|PIM1	PRSS15
LOXL2	ENSG00000134013	WS9-14|LOR	
LPP	ENSG00000145012		
LRIG3	ENSG00000139263	FLJ90440|KIAA3016	
LRP1B	ENSG00000168702	LRP-DIT|LRPDIT	
LRP5	ENSG00000162337	LR3|BMND1|HBM|OPS|OPTA1|VBCH2|EVR4	LRP7|OPPG|EVR1
LRRK2	ENSG00000188906	ROCO2|DKFZp434H2111|FLJ45829|RIPK7	PARK8
LSM14A	ENSG00000257103	DKFZP434D1335|RAP55A|RAP55	C19orf13|FAM61A
LTB	ENSG00000227507	p33|TNFSF3	TNFC
LYL1	ENSG00000104903	bHLHa18	
LYN	ENSG00000254087	JTK8	
LZTR1	ENSG00000099949	LZTR-1|BTBD29	
MAF	ENSG00000178573	c-MAF	
MAFB	ENSG00000204103		KRML
MAGED1	ENSG00000179222	NRAGE|DLXIN-1	
MAGEE1	ENSG00000198934	KIAA1587|DAMAGE	
MAGI1	ENSG00000151276	BAP1|MAGI-1|TNRC19|AIP3|WWP3	BAIAP1
MAGI2	ENSG00000187391	AIP1|ARIP1|KIAA0705|ACVRIP1|MAGI-2	
MALAT1	ENSG00000251562	PRO1073|MALAT-1|NCRNA00047|HCN|NEAT2|LINC00047|mascRNA	
MALT1	ENSG00000172175	PCASP1	MLT
MAML2	ENSG00000184384	KIAA1819|MAM3	
MAP2K1	ENSG00000169032	MEK1|MAPKK1	PRKMK1
MAP2K2	ENSG00000126934	MEK2	PRKMK2
MAP2K4	ENSG00000065559	MEK4|JNKK1|PRKMK4|MKK4	SERK1
MAP3K1	ENSG00000095015	MEKK|MAPKKK1	MEKK1
MAP3K13	ENSG00000073803	LZK|MEKK13	
MAP3K14	ENSG00000006062	NIK|HSNIK|FTDCR1B|HS	
MAP3K4	ENSG00000085511	MTK1|MAPKKK4|KIAA0213	MEKK4
MAP3K6	ENSG00000142733	MAPKKK6|ASK2|MEKK6	
MAP3K7	ENSG00000135341	MEKK7	TAK1
MAP3K8	ENSG00000107968	Tpl-2|EST|c-COT|MEKK8	COT|ESTF
MAP4K4	ENSG00000071054	HGK|NIK|FLH21957	
MAPK1	ENSG00000100030	ERK|ERK2|p41mapk|MAPK2	PRKM2|PRKM1
MAPK3	ENSG00000102882	ERK1|p44mapk|p44erk1	PRKM3
MAPK8IP1	ENSG00000121653	IB1|JIP-1|JIP1	PRKM8IP
MAPKAP1	ENSG00000119487	MGC2745|SIN1|MIP1	
MAX	ENSG00000125952	bHLHd4|bHLHd5|bHLHd6|bHLHd7|bHLHd8	
MB21D2	ENSG00000180611		C3orf59
MBD1	ENSG00000141644	PCM1|CXXC3	
MCL1	ENSG00000143384	BCL2L3|Mcl-1	
MDC1	ENSG00000137337	NFBD1|KIAA0170|Em:AB023051.5	
MDM2	ENSG00000135679	HDM2|MGC5370	
MDM4	ENSG00000198625	MDMX|HDMX	
MDS2	ENSG00000197880		
MECOM	ENSG00000085276	MDS1-EVI1|PRDM3|KMT8E	MDS1|EVI1
MED12	ENSG00000184634	CAGH45|HOPA|OPA1|TRAP230|KIAA0192|OKS|ARC240|Kto	TNRC11|FGS1
MEF2A	ENSG00000068305	RSRFC4|RSRFC9	
MEF2B	ENSG00000213999	RSRFR2	
MEF2C	ENSG00000081189		
MEN1	ENSG00000133895		
MET	ENSG00000105976	HGFR|RCCP2|DFNB97	
MGA	ENSG00000174197	KIAA0518|MAD5|MXD5|FLJ12634	
MGAM	ENSG00000257335	MGA	
MIB1	ENSG00000101752	DIP-1|MIB|KIAA1323|ZZANK2|ZZZ6	
MITF	ENSG00000187098	MI|bHLHe32	WS2A|WS2
MKI67	ENSG00000148773	MIB-1|PPP1R105	
MRTFA	ENSG00000196588	KIAA1438|MAL|MRTF-A|BSAC|MKL	MKL1
MLF1	ENSG00000178053		
MLH1	ENSG00000076242	HNPCC|FCC2|HNPCC2	COCA2
MLLT1	ENSG00000130382	ENL|LTG19|YEATS1	
MLLT10	ENSG00000078403	AF10	
MLLT11	ENSG00000213190	AF1Q	
MLLT3	ENSG00000171843	AF-9|AF9|YEATS3	
MLLT6	ENSG00000275023	AF17|FLJ23480	
MLST8	ENSG00000167965	Lst8|Pop3|GBL|GbetaL	
MMAB	ENSG00000139428	cblB|CFAP23	
MMACHC	ENSG00000132763	DKFZP564I122|cblC	
MMP9	ENSG00000100985		CLG4B
MN1	ENSG00000169184	MGCR1-PEN|MGCR1	MGCR
MNX1	ENSG00000130675	HB9|HOXHB9|SCRA1	HLXB9
MOB3B	ENSG00000120162	MOB1D|FLJ13204	MOBKL2B|C9orf35
MPEG1	ENSG00000197629	MPG1	
MPL	ENSG00000117400	CD110|TPOR|THPOR	
MRE11	ENSG00000020922	ATLD	MRE11A
MRPL36	ENSG00000171421	RPMJ|L36mt|PRPL36|MRP-L36	
MS4A1	ENSG00000156738	B1|Bp35|MS4A2|FMC7	CD20
MSH2	ENSG00000095002	HNPCC|HNPCC1	COCA1
MSH3	ENSG00000113318	DUP|MRP1	
MSH6	ENSG00000116062		GTBP
MSI1	ENSG00000135097		
MSI2	ENSG00000153944		
MSLN	ENSG00000102854	CAK1|MPF	
MSN	ENSG00000147065		
MST1	ENSG00000173531	MSP|NF15S2	D3F15S2|HGFL|DNF15S2
MST1R	ENSG00000164078	CDw136|CD136	RON|PTK8|SEA
MTAP	ENSG00000099810	MSAP|c86fus	
MTCP1	ENSG00000214827	P13MTCP1|p8MTCP1|TCL1C	
MTOR	ENSG00000198793	RAFT1|RAPT1|FLJ44809	FRAP|FRAP2|FRAP1
MUTYH	ENSG00000132781	MYH	
MYB	ENSG00000118513	c-myb	
MYC	ENSG00000136997	c-Myc|bHLHe39|MYCC	
MYCL	ENSG00000116990	LMYC|bHLHe38	MYCL1
MYCN	ENSG00000134323	bHLHe37|N-myc|MYCNOT	NMYC
MYD88	ENSG00000172936		
MYH11	ENSG00000133392	SMMHC|SMHC	
MYH9	ENSG00000100345	NMMHCA|NMHC-II-A|MHA|FTNS|EPSTS	DFNA17
MYO18A	ENSG00000196535	KIAA0216|MysPDZ	
MYO5A	ENSG00000197535	MYO5|GS1|MYR12	MYH12
MYOD1	ENSG00000129152	PUM|MYOD|bHLHc1	MYF3
NAB2	ENSG00000166886	MADER	
NACA	ENSG00000196531	NACA1	
NAIP	ENSG00000249437	NLRB1	BIRC1
NAV3	ENSG00000067798	KIAA0938|POMFIL1	
NBEA	ENSG00000172915	KIAA1544|BCL8B|FLJ10197|LYST2	
NBEAP1	ENSG00000258590	BCL8A	BCL8
NBN	ENSG00000104320	ATV|AT-V2|AT-V1	NBS|NBS1
NCKIPSD	ENSG00000213672	AF3P21|SPIN90|ORF1|WISH|WASLBP|DIP1	
NCOA1	ENSG00000084676	SRC1|F-SRC-1|NCoA-1|KAT13A|RIP160|bHLHe74	
NCOA2	ENSG00000140396	TIF2|GRIP1|NCoA-2|KAT13C|bHLHe75	
NCOA3	ENSG00000124151	RAC3|AIB1|ACTR|p/CIP|TRAM-1|CAGH16|TNRC16|KAT13B|bHLHe42|SRC-3|SRC3	
NCOA4	ENSG00000266412	ARA70|RFG|ELE1|PTC3|DKFZp762E1112	
NCOR1	ENSG00000141027	N-CoR|hCIT529I10|TRAC1|hN-CoR|KIAA1047|MGC104216|PPP1R109	
NCOR2	ENSG00000196498	SMRT|SMRTE|TRAC-1|CTG26|TNRC14	
NCSTN	ENSG00000162736	KIAA0253|APH2	
NDRG1	ENSG00000104419	DRG1|RTP|TDD5|NDR1	CAP43
NECTIN4	ENSG00000143217	nectin-4|PRR4|LNIR	PVRL4
NEDD8	ENSG00000129559	Nedd-8	
NEFH	ENSG00000100285	NF-H|NFH	
NEGR1	ENSG00000172260	KILON|MGC46680|Ntra|IGLON4	
NF1	ENSG00000196712		
NF2	ENSG00000186575	merlin|ACN|SCH|BANF|merlin-1	
NFATC2	ENSG00000101096	NF-ATP|NFATp|NFAT1	
NFE2	ENSG00000123405	NF-E2	
NFE2L2	ENSG00000116044	NRF2	
NFE2L3	ENSG00000050344	Nrf3	
NFIB	ENSG00000147862	NFI-RED|NFIB2|NFIB3	
NFKB1	ENSG00000109320	KBF1|p105|NFKB-p50|p50|NF-kappaB|NFkappaB|NF-kB1	
NFKB2	ENSG00000077150	LYT-10|p52|p105|NF-kB2|p49/p100	
NFKBIA	ENSG00000100906	IKBA|MAD-3|IkappaBalpha	NFKBI
NFKBIE	ENSG00000146232	IKBE	
NIN	ENSG00000100503		
NKX2-1	ENSG00000136352	TTF-1|TTF1	NKX2A|BCH|TITF1
NKX3-1	ENSG00000167034	NKX3.1|BAPX2	NKX3A
NLRP2	ENSG00000022556	FLJ20510|PYPAF2|NBS1|PAN1|CLR19.9	NALP2
NLRP3	ENSG00000162711	AGTAVPRL|AII|AVP|FCAS|FCU|NALP3|PYPAF1|MWS|CLR1.1	C1orf7|CIAS1|DFNA34
NOD1	ENSG00000106100	NLRC1|CLR7.1	CARD4
NONO	ENSG00000147140	NRB54|NMT55|P54NRB|P54|PPP1R114	
NOTCH1	ENSG00000148400		TAN1
NOTCH2	ENSG00000134250		
NOTCH3	ENSG00000074181	CASIL	CADASIL
NOTCH4	ENSG00000204301		INT3
NPM1	ENSG00000181163	B23|NPM	
NR1H2	ENSG00000131408	NER|NER-I|RIP15|LXR-b|LXRb	UNR
NR3C1	ENSG00000113580	GR	GRL
NR4A2	ENSG00000153234	TINUR|NOT|RNR1|HZF-3	NURR1
NR4A3	ENSG00000119508	CSMF|CHN|NOR1|MINOR	
NRAS	ENSG00000213281	N-ras	
NRG1	ENSG00000157168	HRG|NDF|GGF	HGL|NRG1-IT2
NRP1	ENSG00000099250	NRP|VEGF165R|CD304	
NSD1	ENSG00000165671	ARA267|FLJ22263|KMT3B	STO
NSD2	ENSG00000109685	MMSET|KMT3G	WHSC1
NSD3	ENSG00000147548	FLJ20353|WHISTLE|KMT3F	WHSC1L1
NT5C2	ENSG00000076685	PNT5|GMP|cN-II|SPG65	NT5B|SPG45
NTHL1	ENSG00000065057	NTH1|OCTS3	
NTRK1	ENSG00000198400	TRK|TRKA|MTC	
NTRK2	ENSG00000148053	TRKB	
NTRK3	ENSG00000140538	TRKC	
NUF2	ENSG00000143228	NUF2R|CT106	CDCA1
NUMA1	ENSG00000137497		
NUP214	ENSG00000126883	CAIN|CAN|D9S46E|N214	
NUP93	ENSG00000102900	KIAA0095	
NUP98	ENSG00000110713	NUP96|Nup98-Nup96|Nup98-96	
NUTM1	ENSG00000184507	NUT|DKFZp434O192|FAM22H	C15orf55
NUTM2A	ENSG00000184923		FAM22A
NUTM2B	ENSG00000188199	bA119F19.1	FAM22B
OBSCN	ENSG00000154358	KIAA1556|UNC89|KIAA1639|ARHGEF30	
OLIG2	ENSG00000205927	RACK17|OLIGO2|bHLHe19	PRKCBP2|BHLHB1
OMD	ENSG00000127083	osteoadherin|SLRR2C	
OTX2	ENSG00000165588		
P2RY8	ENSG00000182162	P2Y8	
PABPC1	ENSG00000070756	PABP1|PABPL1	PAB1|PABPC2
PAFAH1B2	ENSG00000168092		
PAG1	ENSG00000076641	PAG|CBP	
PAK1	ENSG00000149269		
PAK3	ENSG00000077264	hPAK3|bPAK	MRX30|MRX47
PAK5	ENSG00000101349	KIAA1264	PAK7
PAK6	ENSG00000137843	PAK5	
PALB2	ENSG00000083093	FLJ21816|FANCN	
PARP1	ENSG00000143799	PARP|ARTD1	PPOL|ADPRT
PARP2	ENSG00000129484	ARTD2	ADPRTL2
PARP3	ENSG00000041880	ADPRT3|IRT1|hPARP-3|pADPRT-3|ARTD3	ADPRTL3
PARP4	ENSG00000102699	VAULT3|p193|VPARP|VWA5C|ARTD4	ADPRTL1
PASK	ENSG00000115687	PASKIN|KIAA0135|STK37	
PATZ1	ENSG00000100105	MAZR|dJ400N23|ZBTB19|ZSG|RIAZ|PATZ	ZNF278
PAX3	ENSG00000135903	HUP2	WS1
PAX5	ENSG00000196092	BSAP	
PAX7	ENSG00000009709	Hup1	
PAX8	ENSG00000125618		
PBRM1	ENSG00000163939	BAF180|PB1	
PBX1	ENSG00000185630		
PC	ENSG00000173599	PCB	
PCBP1	ENSG00000169564	HNRPE1|hnRNP-E1|HNRPX|hnRNP-X	
PCLO	ENSG00000186472	KIAA0559|DKFZp779G1236|ACZ	
PCM1	ENSG00000078674	PTC4	
PCSK7	ENSG00000160613	PC7|PC8|LPC|SPC7	
PDCD1	ENSG00000188389	CD279|PD1|hSLE1|PD-1	SLEB2
PDCD11	ENSG00000148843	KIAA0185|ALG-4|RRP5|NFBP	
PDCD1LG2	ENSG00000197646	PD-L2|Btdc|PDL2|bA574F11.2|CD273|B7-DC	
PDE4DIP	ENSG00000178104	KIAA0477|KIAA0454|MMGL	CMYA2
PDGFB	ENSG00000100311	SSV	SIS
PDGFRA	ENSG00000134853	CD140a|PDGFR2|GAS9	
PDGFRB	ENSG00000113721	JTK12|CD140b|PDGFR1	PDGFR
PDK1	ENSG00000152256		
PDPK1	ENSG00000140992	PDK1	
PDS5B	ENSG00000083642	AS3|KIAA0979|FLJ23236|CG008	APRIN
PDYN	ENSG00000101327	PENKB|ADCA	SCA23
PER1	ENSG00000179094	RIGUI	PER
PGAP3	ENSG00000161395	MGC9753|CAB2|PP1498|PER1	PERLD1
PGR	ENSG00000082175	PR|NR3C3	
PHF1	ENSG00000112511	MTF2L2|TDRD19C|PCL1	
PHF6	ENSG00000156531	KIAA1823|MGC14797|CENP-31	BFLS|BORJ
PHLDA1	ENSG00000139289	TDAG51|DT1P1B11|PHRIP	
PHOX2B	ENSG00000109132	NBPhox	PMX2B
PICALM	ENSG00000073921	CALM|CLTH	
PIGA	ENSG00000165195	GPI3	
PIGF	ENSG00000151665		
PIK3C2A	ENSG00000011405	PI3K-C2alpha	
PIK3C2B	ENSG00000133056	C2-PI3K|PI3K-C2beta	
PIK3C2G	ENSG00000139144		
PIK3C3	ENSG00000078142	Vps34	
PIK3CA	ENSG00000121879	PI3K	
PIK3CB	ENSG00000051382		PIK3C1
PIK3CD	ENSG00000171608	p110D	
PIK3CG	ENSG00000105851		
PIK3R1	ENSG00000145675	GRB1|p85-ALPHA|p85	
PIK3R2	ENSG00000105647	P85B|p85	
PIK3R3	ENSG00000117461	p55	
PIK3R4	ENSG00000196455	VPS15|p150	
PIK3R5	ENSG00000141506	P101-PI3K|p101	
PIK3R6	ENSG00000276231	FLJ34500|HsT41028|p87PIKAP	C17orf38
PIM1	ENSG00000137193		PIM
PKM	ENSG00000067225	THBP1|OIP3|PK3	PKM2
PLAG1	ENSG00000181690	ZNF912	
PLCG1	ENSG00000124181	PLC148|PLC-II|PLCgamma1|NCKAP3	PLC1
PLCG2	ENSG00000197943		
PLEC	ENSG00000178209	PCN|PLTN	EBS1|PLEC1
PLK1	ENSG00000166851		PLK
PLK2	ENSG00000145632	SNK	
PMAIP1	ENSG00000141682	APR|NOXA	
PMEL	ENSG00000185664	D12S53E|SI|Pmel17|gp100	SIL|SILV
PML	ENSG00000140464	MYL|TRIM19|RNF71	
PMS1	ENSG00000064933	MLH2	PMSL1
PMS2	ENSG00000122512	H_DJ0042M02.9|HNPCC4|MLH4	PMSL2
PNRC1	ENSG00000146278	B4-2|PRR2	PROL2
POFUT1	ENSG00000101346	O-FUT|O-Fuc-T|KIAA0180|FUT12	
POGLUT1	ENSG00000163389	MDS010|MGC32995|9630046K23Rik|MDSRP|hCLP46|KDELCL1|Rumi	C3orf9|KTELC1
POLD1	ENSG00000062822	CDC2	POLD
POLE	ENSG00000177084	POLE1	
POLG	ENSG00000140521	POLG1|POLGA	
POLQ	ENSG00000051341	POLH	
PORCN	ENSG00000102312	MG61|PORC|PPN|por	DHOF
POT1	ENSG00000128513	hPot1|DKFZp586D211	
POU2AF1	ENSG00000110777	OBF1|BOB1	
POU5F1	ENSG00000204531	OCT3|Oct4|MGC22487	OTF3
PPARG	ENSG00000132170	PPARG1|PPARG2|NR1C3|PPARgamma	
PPFIBP1	ENSG00000110841	L2|hSGT2|hSgt2p|SGT2	
PPM1D	ENSG00000170836	Wip1|PP2C-DELTA	
PPP1CB	ENSG00000213639	PP1B|PP-1B|PP1beta|PP1c|MP|PPP1beta	
PPP2R1A	ENSG00000105568	PR65A|PP2A-Aalpha|PP2AA	
PPP4R2	ENSG00000163605		
PPP6C	ENSG00000119414	PP6	
PRCC	ENSG00000143294	RCCP1	
PRDM1	ENSG00000057657	PRDI-BF1	BLIMP1
PRDM14	ENSG00000147596		
PRDM16	ENSG00000142611	MEL1|PFM13|KIAA1675|MGC166915|KMT8F	
PRDM2	ENSG00000116731	RIZ|RIZ1|RIZ2|KMT8|MTB-ZF|HUMHOXY1|KMT8A	
PREX2	ENSG00000046889	DEP.2|FLJ12987|P-REX2|PPP1R129	DEPDC2
PRF1	ENSG00000180644	PFP|P1|HPLH2	
PRG4	ENSG00000116690	JCAP|SZP|MSF|HAPO|bG174L6.2|FLJ32635	CACP
PRKAA2	ENSG00000162409	AMPK|AMPKa2	PRKAA
PRKACA	ENSG00000072062	PKACa	
PRKAR1A	ENSG00000108946	CNC1	PRKAR1|TSE1
PRKCA	ENSG00000154229	PKCÎ±	PKCA
PRKCB	ENSG00000166501	PKCÎ²	PRKCB2|PKCB|PRKCB1
PRKCG	ENSG00000126583	PKCC|MGC57564|PKCÎ³	PKCG|SCA14
PRKCI	ENSG00000163558	PKCI	DXS1179E
PRKD1	ENSG00000184304	PKCM|PKD|PKC-mu	PRKCM
PRKDC	ENSG00000253729	DNPK1|p350|DNAPK|XRCC7|DNA-PKcs|DNAPKc|DNA-PKC|p460	HYRC|HYRC1
PRKN	ENSG00000185345	PDJ|AR-JP|parkin	PARK2
PRPF40B	ENSG00000110844	HYPC	
PRRX1	ENSG00000116132	PHOX1	PMX1
PRSS1	ENSG00000204983		TRY1
PRSS8	ENSG00000052344	CAP1	
PSIP1	ENSG00000164985	p52|LEDGF|p75|DFS70	PSIP2
PSMD2	ENSG00000175166	S2|P97|TRAP2|MGC14274|Rpn1	
PTCH1	ENSG00000185920	BCNS	NBCCS|PTCH
PTEN	ENSG00000171862	MMAC1|TEP1|PTEN1	BZS|MHAM
PTK2	ENSG00000169398	FAK|FADK|FAK1|PPP1R71	
PTK6	ENSG00000101213	BRK	
PTK7	ENSG00000112655	CCK4	
PTP4A1	ENSG00000112245	PTPCAAX1|PRL-1|PRL1	
PTPN1	ENSG00000196396		PTP1B
PTPN11	ENSG00000179295	BPTP3|SH-PTP2|SHP-2|PTP2C|SHP2	NS1
PTPN13	ENSG00000163629	PTP1E|PTP-BAS|PTPL1|PTP-BL	
PTPN2	ENSG00000175354	TCELLPTP|TC-PTP|TCPTP	PTPT
PTPN22	ENSG00000134242	Lyp|Lyp1|Lyp2	PTPN8
PTPN6	ENSG00000111679	HCP|HCPH|PTP-1C|SHP-1|SHP1	
PTPRB	ENSG00000127329		PTPB
PTPRC	ENSG00000081237	LCA|T200|GP180	CD45
PTPRD	ENSG00000153707	PTPD|HPTP	
PTPRK	ENSG00000152894	R-PTP-kappa	
PTPRO	ENSG00000151490	PTPU2|GLEPP1|PTP-U2|PTP-oc|NPHS6	
PTPRS	ENSG00000105426		
PTPRT	ENSG00000196090	RPTPrho|KIAA0283	
PWWP2A	ENSG00000170234	KIAA1935	
QKI	ENSG00000112531	QK3	
RAB35	ENSG00000111737	H-ray	
RABEP1	ENSG00000029725	neurocrescin|RAB5EP|RABPT5|rabaptin-5	
RAC1	ENSG00000136238	TC-25|p21-Rac1|Rac-1	
RAC2	ENSG00000128340	EN-7	
RAD21	ENSG00000164754	KIAA0078|hHR21|SCC1	
RAD50	ENSG00000113522	hRad50|RAD50-2	
RAD51	ENSG00000051180	HsRad51|HsT16930|BRCC5|FANCR	RAD51A|RECA
RAD51B	ENSG00000182185	REC2|hREC2|R51H2	RAD51L1
RAD51C	ENSG00000108384	RAD51L2|FANCO	
RAD51D	ENSG00000185379	R51H3|Trad|HsTRAD	RAD51L3
RAD52	ENSG00000002016		
RAD54L	ENSG00000085999	hHR54|hRAD54|RAD54A	
RAF1	ENSG00000132155	Raf-1|c-Raf|CRAF	
RALGDS	ENSG00000160271	RGF|RalGEF|RGDS	
RANBP17	ENSG00000204764		
RANBP2	ENSG00000153201	NUP358|ADANE	ANE1
RAP1GDS1	ENSG00000138698	SmgGDS	
RARA	ENSG00000131759	RAR|NR1B1	
RASA1	ENSG00000145715	GAP|CM-AVM|p120GAP|p120RASGAP|p120	RASA
RASGEF1A	ENSG00000198915	CG4853|FLJ37817	
RB1	ENSG00000139687	RB|PPP1R130	OSRC
RBM10	ENSG00000182872	DXS8237E|KIAA0122|GPATC9|ZRANB5|GPATCH9|S1-1	
RBM15	ENSG00000162775	OTT|OTT1	
RBMX	ENSG00000147274	RNMX|hnRNP-G|HNRNPG	
RECQL	ENSG00000004700	RecQ1|RecQL1	
RECQL4	ENSG00000160957	RecQ4	
REL	ENSG00000162924	I-Rel|c-Rel|HIVEN86A	
RELN	ENSG00000189056	RL|PRO1598	
RET	ENSG00000165731	PTC|CDHF12|RET51|CDHR16	HSCR1|MEN2A|MTC1|MEN2B
COP1	ENSG00000143207	FLJ10416|RNF200|FAP78|CFAP78	RFWD2
RGPD3	ENSG00000153165	RGP3	
RGS7	ENSG00000182901		
RHEB	ENSG00000106615		RHEB2
RHOA	ENSG00000067560	Rho12|RHOH12	ARH12|ARHA
RHOH	ENSG00000168421	TTF	ARHH
RICTOR	ENSG00000164327	MGC39830|AVO3|PIA|KIAA1999	
RIT1	ENSG00000143622	RIBB|ROC1|MGC125864|MGC125865	RIT
RMI2	ENSG00000175643	MGC24665|BLAP18	C16orf75
RMRP	ENSG00000269900	RMRPR|RRP2|NME1	CHH
RNASE1	ENSG00000129538	RAC1	RNS1
RNASE3	ENSG00000169397	ECP|RAF1	RNS3
RNF2	ENSG00000121481	BAP-1|BAP1|DING|HIPI3|RING1B|RING2	
RNF213	ENSG00000173821	KIAA1554|NET57|ALO17	C17orf27|KIAA1618|MYMY2
RNF217-AS1	ENSG00000236548	STL	
RNF43	ENSG00000108375	FLJ20315|DKFZp781H0392|URCC	
ROBO1	ENSG00000169855	DUTT1|FLJ21882|SAX3	
ROBO2	ENSG00000185008	KIAA1568	
ROR2	ENSG00000169071		NTRKR2|BDB|BDB1
ROS1	ENSG00000047936	MCF3|ROS|c-ros-1	
RPA1	ENSG00000132383	REPA1|RPA70|HSSB|RF-A|RP-A	
RPGR	ENSG00000156313	CORDX1	CRD|RP3|RP15|COD1
RPL10	ENSG00000147403	NOV|QM|DXS648E|DXS648|FLJ23544|L10	
RPL11	ENSG00000142676	L11|uL5	
RPL13	ENSG00000167526	D16S444E|BBC1|L13	
RPL15	ENSG00000174748	RPL10|RPLY10|RPYL10|EC45|L15	
RPL22	ENSG00000116251	EAP|L22	
RPL35A	ENSG00000182899	L35A|eL33|GIG33	
RPL5	ENSG00000122406	L5|PPP1R135|uL18	
RPN1	ENSG00000163902	OST1	
RPS14	ENSG00000164587	EMTB|S14	
RPS19	ENSG00000105372	S19|eS19|DBA	LOH19CR1
RPS26	ENSG00000197728	S26|eS26	
RPS6KA4	ENSG00000162302	RSK-B|MSK2	
RPS6KB1	ENSG00000108443	S6K1|p70(S6K)-alpha|PS6K|S6K	STK14A
RPS6KB2	ENSG00000175634	p70S6Kb|P70-BETA|STK14B|KLS|S6KB|S6Kbeta|S6KÎ²	
RPTOR	ENSG00000141564	KOG1|Mip1|KIAA1303|raptor	
RRAGC	ENSG00000116954	GTR2|FLJ13311	
RRAS	ENSG00000126458	R-Ras	
RRAS2	ENSG00000133818	TC21	
RSPO2	ENSG00000147655	MGC35555	
RSPO3	ENSG00000146374	FLJ14440	THSD2
RTEL1	ENSG00000258366	bK3184A7.3|NHL|DKFZP434C013|KIAA1088|RTEL	C20orf41
RUNX1	ENSG00000159216	PEBP2A2|AMLCR1	AML1|CBFA2
RUNX1T1	ENSG00000079102	CDR|ETO|MTG8|ZMYND2	AML1T1|CBFA2T1
RUNX2	ENSG00000124813	AML3|PEBP2A1|PEBP2aA1	CCD|CBFA1|CCD1
RXRA	ENSG00000186350	NR2B1	
RYBP	ENSG00000163602	YEAF1|AAP1|DEDAF	
S100A7	ENSG00000143556	S100A7c	PSOR1
S1PR2	ENSG00000267534	Gpcr13|H218|AGR16	EDG5|DFNB68
SALL4	ENSG00000101115	dJ1112F19.1|ZNF797	
SAMHD1	ENSG00000101347	SBBI88|Mg11|HDDC1|MOP-5|AGS5	
SBDS	ENSG00000126524	CGI-97|FLJ10917|SDS|SWDS|SDO1	
SDC4	ENSG00000124145	SYND4|amphiglycan|ryudocan	
SDHA	ENSG00000073578	FP|SDHF	SDH2
SDHAF2	ENSG00000167985	FLJ20487|SDH5	PGL2|C11orf79
SDHB	ENSG00000117118		SDH1|SDH
SDHC	ENSG00000143252	CYB560|cybL	PGL3
SDHD	ENSG00000204370	cybS	PGL|PGL1
SEC31A	ENSG00000138674	KIAA0905|ABP125|ABP130	SEC31L1
SEMA4D	ENSG00000187764	CD100|coll-4|FLJ39737	SEMAJ|C9orf164
SEMG1	ENSG00000124233	CT103	SEMG
SEPTIN5	ENSG00000184702	HCDCREL-1|H5	PNUTL1|SEPT5
SEPTIN6	ENSG00000125354	KIAA0128|SEP2|SEPT2|MGC16619|MGC20339	SEPT6
SEPTIN9	ENSG00000184640	MSF1|KIAA0991|PNUTL4|AF17q25|SeptD1	MSF|SEPT9
SERP2	ENSG00000151778	bA269C23.1	C13orf21
SESN1	ENSG00000080546	SEST1|PA26	
SESN2	ENSG00000130766	SES2|DKFZp761M0212|HI95|SEST2	
SESN3	ENSG00000149212	SEST3|MGC29667	
SET	ENSG00000119335	PHAPII|2PP2A|IPP2A2|TAF-IBETA|IGAAD|TAF-I	
SETBP1	ENSG00000152217	SEB|KIAA0437	
SETD1A	ENSG00000099381	KIAA0339|Set1|KMT2F|SET1A	
SETD1B	ENSG00000139718	KIAA1076|Set1B|KMT2G	
SETD2	ENSG00000181555	HYPB|HIF-1|KIAA1732|FLJ23184|KMT3A	
SETD3	ENSG00000183576	FLJ23027	C14orf154
SETD4	ENSG00000185917		C21orf27|C21orf18
SETD5	ENSG00000168137	FLJ10707	
SETD6	ENSG00000103037	FLJ21148	
SETD7	ENSG00000145391	KIAA1717|SET7|SET7/9|Set9|KMT7	
SETDB1	ENSG00000143379	KG1T|KIAA0067|ESET|KMT1E|TDRD21	
SETDB2	ENSG00000136169	CLLD8|CLLL8|KMT1F	C13orf4
SF3B1	ENSG00000115524	SAP155|SF3b155|PRPF10|Prp10|Hsh155	
SF3B2	ENSG00000087365	SAP145|SF3b1|Cus1|SF3b145	
SFPQ	ENSG00000116560	PSF|PPP1R140	
SFRP4	ENSG00000106483	frpHE|FRP-4|FRPHE|FRZB-2	
SGK1	ENSG00000118515		SGK
SH2B3	ENSG00000111252	LNK|IDDM20	
SH2D1A	ENSG00000183918	XLP|MTCP1|DSHP|XLPD|EBVS|SAP	IMD5|LYP
SH3GL1	ENSG00000141985	SH3P8|SH3D2B|CNSA1|EEN|MGC111371	
SHOC2	ENSG00000108061	KIAA0862|SOC2|SUR-8|SOC-2|SUR8	
SHQ1	ENSG00000144736	FLJ10539|Shq1p	
SHTN1	ENSG00000187164	shootin1|shootin-1	KIAA1598
SIN3A	ENSG00000169375	KIAA0700|DKFZP434K2235	
SIRPA	ENSG00000198053	SHPS1|SIRP|MYD-1|BIT|P84|SHPS-1|SIRPalpha|CD172a|SIRPalpha2|MFR|SIRP-ALPHA-1	PTPNS1
SKI	ENSG00000157933		
SKP2	ENSG00000145604	FBXL1|FBL1|p45	
SLC1A2	ENSG00000110436	GLT-1|EAAT2	
SLC34A2	ENSG00000157765	NAPI-3B	
SLC45A3	ENSG00000158715	IPCA-6|prostein|IPCA-2|IPCA-8	PCANAP6|PCANAP2|PCANAP8
SLIT2	ENSG00000145147	Slit-2	SLIL3
SLTM	ENSG00000137776	Met|FLJ13213	
SLX4	ENSG00000188827	KIAA1784|KIAA1987|FANCP	BTBD12
SMAD2	ENSG00000175387	MADR2|JV18-1	MADH2
SMAD3	ENSG00000166949	JV15-2|HsT17436	MADH3
SMAD4	ENSG00000141646	DPC4	MADH4
SMARCA1	ENSG00000102038	SNF2LB|NURF140|ISWI|SWI|hSNF2L	SNF2L1|SNF2L
SMARCA4	ENSG00000127616	hSNF2b|BRG1|BAF190|SNF2|SWI2|SNF2-BETA|SNF2LB|FLJ39786	SNF2L4
SMARCB1	ENSG00000099956	BAF47|Ini1|Snr1|hSNFS|Sfh1p|RDT|PPP1R144|SNF5	SNF5L1
SMARCD1	ENSG00000066117	BAF60A|Rsc6p|CRACD1	
SMARCE1	ENSG00000073584	BAF57	
SMC1A	ENSG00000072501	DXS423E|KIAA0178|SB1.8|Smcb	SMC1L1
SMC3	ENSG00000108055	HCAP|BAM|SMC3L1|bamacan	CSPG6
SMG1	ENSG00000157106	LIP|KIAA0421|ATX	
SMO	ENSG00000128602	FZD11	SMOH
SMOX	ENSG00000088826	FLJ20746|dJ779E11.1|PAO|PAOh1|MGC1010|SMO	C20orf16
SMYD3	ENSG00000185420	KMT3E	ZNFN3A1|ZMYND1
SNAP25	ENSG00000132639	SNAP-25|RIC-4|RIC4|SEC9|bA416N4.2|dJ1068F16.2	SNAP
SNCAIP	ENSG00000064692	SYPH1	
SND1	ENSG00000197157	TDRD11|p100	
SNED1	ENSG00000162804	FLJ00133|SST3|Snep	
SNX29	ENSG00000048471	FLJ12363	RUNDC2A
SOCS1	ENSG00000185338	SOCS-1|SSI-1|JAB|TIP3|Cish1	
SOCS2	ENSG00000120833	STATI2|SSI2|SOCS-2|SSI-2|CIS2|Cish2	
SOCS3	ENSG00000184557	SSI-3|CIS3|SOCS-3|Cish3	
SOS1	ENSG00000115904	HGF|GF1	GINGF
SOX10	ENSG00000100146	DOM|WS4|WS2E	
SOX17	ENSG00000164736		
SOX2	ENSG00000181449		
SOX4	ENSG00000124766		
SOX9	ENSG00000125398	SRA1	CMD1|CMPD1
SP140	ENSG00000079263	LYSP100-B|LYSP100-A	
SPECC1	ENSG00000128487	HCMOGT-1|FLJ36955|NSP	CYTSB
SPEN	ENSG00000065526	KIAA0929|MINT|SHARP|RBM15C	
SPOP	ENSG00000121067	TEF2|BTBD32	
SPRED1	ENSG00000166068	FLJ33903|PPP1R147	
SPTA1	ENSG00000163554	EL2	
SRC	ENSG00000197122	ASV|c-src	SRC1
SRGAP3	ENSG00000196220	KIAA0411|MEGAP|WRP|ARHGAP14	SRGAP2
SRSF2	ENSG00000161547	SC-35|SC35|PR264|SFRS2A	SFRS2
SRSF3	ENSG00000112081	SRp20	SFRS3
SS18	ENSG00000141380	SYT	SSXT
SS18L1	ENSG00000184402	KIAA0693|CREST	
SSX1	ENSG00000126752	CT5.1	
SSX2	ENSG00000241476	HOM-MEL-40|HD21|MGC3884|MGC15364|MGC119055|CT5.2a	SSX
SSX4	ENSG00000268009	CT5.4	
STAG1	ENSG00000118007	SA-1|SCC3A|SA1	
STAG2	ENSG00000101972	SA-2|SCC3B|SA2	
STAT3	ENSG00000168610	APRF	
STAT4	ENSG00000138378		
STAT5A	ENSG00000126561	MGF	STAT5
STAT5B	ENSG00000173757		
STAT6	ENSG00000166888	D12S1644|IL-4-STAT	
STEAP1	ENSG00000164647	PRSS24	STEAP
STIL	ENSG00000123473	MCPH7	SIL
STK11	ENSG00000118046	PJS|LKB1	
STK19	ENSG00000204344	D6S60|G11|RP1	
STK40	ENSG00000196182	MGC4796|SgK495	
STRN	ENSG00000115808	PPP2R6A|STRN1	
SUFU	ENSG00000107882	SUFUH|SUFUXL|PRO1280	
SUZ12	ENSG00000178691	JJAZ1|KIAA0160|CHET9	
SYK	ENSG00000165025		
SYNE1	ENSG00000131018	SYNE-1B|KIAA0796|8B|Nesprin-1|enaptin|MYNE1|CPG2|dJ45H2.2|SCAR8|ARCA1|Nesp1	C6orf98
TACSTD2	ENSG00000184292	TROP2|GA733-1|EGP-1	M1S1
TAF1	ENSG00000147133	NSCL2|TAFII250|KAT4|DYT3/TAF1	TAF2A|BA2R|CCG1|CCGS|DYT3
TAF15	ENSG00000270647	hTAFII68|RBP56|Npl3	TAF2N
TAF1L	ENSG00000122728		
TAL1	ENSG00000162367	SCL|bHLHa17	TCL5
TAL2	ENSG00000186051	bHLHa19	
TAP1	ENSG00000168394	PSF1|RING4|D6S114E	ABCB2
TAP2	ENSG00000204267	PSF2|RING11|D6S217E	ABCB3
TBK1	ENSG00000183735	NAK	
TBL1XR1	ENSG00000177565	IRA1|FLJ12894|TBLR1|C21|DC42	
TBX3	ENSG00000135111	TBX3-ISO|XHL	UMS
TCEA1	ENSG00000187735	SII|TF2S|TFIIS	TCEA|GTF2S
TCF12	ENSG00000140262	HEB|HTF4|HsT17266|bHLHb20|p64	
TCF3	ENSG00000071564	E2A|ITF1|MGC129647|MGC129648|bHLHb21|VDIR|E47|p75	
TCF7L2	ENSG00000148737	TCF-4	TCF4
TCL1A	ENSG00000100721	TCL1	
TCL6	ENSG00000187621	TCL6e1|TNG2|TNG1	
TEC	ENSG00000135605	PSCTK4	
TEK	ENSG00000120156	TIE2|TIE-2|VMCM1|CD202b	VMCM
TERC	ENSG00000270141	TR|hTR|TRC3|SCARNA19	
TERT	ENSG00000164362	TRT|TP2|TCS1|hEST2|EST2	
TET1	ENSG00000138336	LCX|KIAA1676|bA119F7.1	CXXC6
TET2	ENSG00000168769	FLJ20032	KIAA1546
TET3	ENSG00000187605	MGC22014|hCG_40738	
TFE3	ENSG00000068323	TFEA|bHLHe33	
TFEB	ENSG00000112561	TCFEB|bHLHe35	
TFG	ENSG00000114354	TF6|FLJ36137|SPG57	
TFPT	ENSG00000105619	FB1|amida|INO80F	
TFRC	ENSG00000072274	CD71|TFR1|p90	
TGFBR1	ENSG00000106799	ALK-5|ACVRLK4|ALK5|TBRI|TBR-i	MSSE|ESS1
TGFBR2	ENSG00000163513	TBRII|TBR-ii	MFS2
THRAP3	ENSG00000054118	TRAP150|BCLAF2	
TICAM1	ENSG00000127666	TRIF|TICAM-1|MGC35334|PRVTIRB	
TIPARP	ENSG00000163659	DKFZP434J214|DKFZp686N0351|DDF1|PARP7|PARP-7|PARP-1|pART14|RM1|ARTD14	
TLL2	ENSG00000095587		
TLR4	ENSG00000136869	hToll|CD284|TLR-4|ARMD10	
TLR5	ENSG00000187554	TIL3|FLJ10052|MGC126430|MGC126431	SLEB1
TLR8	ENSG00000101916	CD288	
TLX1	ENSG00000107807		TCL3|HOX11
TLX3	ENSG00000164438	RNX	HOX11L2
TMEM127	ENSG00000135956	FLJ20507|FLJ22257	
TMEM30A	ENSG00000112697	FLJ10856|CDC50A	C6orf67
TMPRSS2	ENSG00000184012	PRSS10	
TNC	ENSG00000041982	TN|MGC167029	HXB|DFNA56
TNFAIP3	ENSG00000118503	A20|OTUD7C	
TNFAIP6	ENSG00000123610	TSG6|TSG-6	
TNFRSF10A	ENSG00000104689	DR4|Apo2|TRAILR-1|CD261|TRAILR1	
TNFRSF10B	ENSG00000120889	DR5|KILLER|TRICK2A|TRAIL-R2|TRICKB|CD262|TRAILR2	
TNFRSF11A	ENSG00000141655	RANK|CD265|FEO|ODFR|TRANCE-R	PDB2|LOH18CR1
TNFRSF14	ENSG00000157873	HVEM|ATAR|TR2|LIGHTR|HVEA|CD270	
TNFRSF17	ENSG00000048462	BCM|CD269|TNFRSF13A	BCMA
TNFRSF8	ENSG00000120949	KI-1	CD30|D1S166E
TNFRSF9	ENSG00000049249	CD137|4-1BB	ILA
TNFSF11	ENSG00000120659	TRANCE|RANKL|OPGL|ODF|CD254	
TNFSF13B	ENSG00000102524	BAFF|THANK|BLYS|TALL-1|TALL1|CD257	TNFSF20
TNFSF9	ENSG00000125657	4-1BB-L|4-1BBL|CD137L	
TNKS	ENSG00000173273	TIN1|TINF1|TNKS1|PARP-5a|PARP5A|pART5|ARTD5	
TOP1	ENSG00000198900		
TOP2A	ENSG00000131747	TOP2alpha|TOPIIA	TOP2
TOX	ENSG00000198846	KIAA0808|TOX1	
TOX4	ENSG00000092203	LCP1	C14orf92|KIAA0737
TP53	ENSG00000141510	p53|LFS1	
TP53BP1	ENSG00000067369	53BP1|p202|TDRD30	
TP63	ENSG00000073282	p51|SHFM4|EEC3|p63|p73L|OFC8|KET|p73H|NBP|p53CP	TP73L|TP53L|TP53CP
TPM3	ENSG00000143549	TRK	NEM1
TPM4	ENSG00000167460		
TPMT	ENSG00000137364		
TPR	ENSG00000047410		
TRAF2	ENSG00000127191	TRAP3|RNF117	
TRAF3	ENSG00000131323	CAP-1|CD40bp|CRAF1|LAP1|RNF118	
TRAF5	ENSG00000082512	RNF84	
TRAF7	ENSG00000131653	RNF119|DKFZp586I021|MGC7807	RFWD1
TRAP1	ENSG00000126602	HSP75|HSP90L	
TRIM24	ENSG00000122779	hTIF1|Tif1a|RNF82|TIF1A	TIF1
TRIM27	ENSG00000204713	RNF76	RFP
TRIM33	ENSG00000197323	TIF1GAMMA|FLJ11429|KIAA1113|TIFGAMMA|RFG7|TF1G|TIF1G|PTC7	
TRIM7	ENSG00000146054	RNF90|GNIP	
TRIOBP	ENSG00000100106	HRIHFB2122|KIAA1662|Tara|TAP68	DFNB28
TRIP11	ENSG00000100815	CEV14|Trip230|GMAP-210|GMAP210	
TRRAP	ENSG00000196367	TR-AP|PAF400|Tra1	
TSC1	ENSG00000165699	KIAA0243|LAM|hamartin	TSC
TSC2	ENSG00000103197	tuberin|LAM|PPP1R160	TSC4
TSHR	ENSG00000165409	LGR3	
TSHZ2	ENSG00000182463	ZABC2|OVC10-2|TSH2	C20orf17|ZNF218
TSHZ3	ENSG00000121297	KIAA1474|TSH3	ZNF537
TTL	ENSG00000114999	MGC46235	
TUSC3	ENSG00000104723	MGC13453|N33|OST3A|MRT7|MagT2|SLC58A2	MRT22
TYK2	ENSG00000105397	JTK1	
TYMS	ENSG00000176890	Tsase|TMS|HsT422	TS
U2AF1	ENSG00000160201	U2AF35|RNU2AF1|RN	U2AFBP
U2AF2	ENSG00000063244	U2AF65	
UBA3	ENSG00000144744	hUba3|NAE2	UBE1C
UBR5	ENSG00000104517	DD5|HYD|EDD|KIAA0896	EDD1
UGT1A1	ENSG00000241635	UGT1A	UGT1|GNT1
UHRF1BP1L	ENSG00000111647	KIAA0701	
UPF1	ENSG00000005007	HUPF1|KIAA0221|NORF1|pNORF1|smg-2	RENT1
USP6	ENSG00000129204	Tre-2|TRE17|Tre2	HRP1|TRESMCR
USP8	ENSG00000138592	HumORF8|KIAA0055|UBPY|SPG59	
USP9X	ENSG00000124486	DFFRX|FAF|MRX99	
VAV1	ENSG00000141968		VAV
VAV2	ENSG00000160293		
VEGFA	ENSG00000112715	VEGF-A|VPF	VEGF
VEGFB	ENSG00000173511	VEGFL	VRF
VEGFC	ENSG00000150630	VRP|VEGF-C	
VHL	ENSG00000134086	VHL1	
VTCN1	ENSG00000134258	B7-H4|FLJ22418|B7S1|B7x|B7H4	
VTI1A	ENSG00000151532	MVti1|Vti1-rp2	
WAS	ENSG00000015285	WASP|WASPA	IMD2|THC
WDCP	ENSG00000163026	FLJ21945|MMAP	C2orf44
WDR90	ENSG00000161996	FLJ36483|KIAA1924|POC16	C16orf17|C16orf15|C16orf16|C16orf19|C16orf18
WEE1	ENSG00000166483	WEE1A	
WIF1	ENSG00000156076		
CCN6	ENSG00000112761	WISP-3	WISP3
WNK1	ENSG00000060237	HSAN2|PPP1R167	PRKWNK1|HSN2
WNK2	ENSG00000165238	NY-CO-43|KIAA1760	SDCCAG43|PRKWNK2
WRN	ENSG00000165392	RECQL2|RECQ3	
WT1	ENSG00000184937	WAGR|WIT-2|AWT1|NPHS4	GUD
WWOX	ENSG00000186153	FOR|WOX1|SDR41C1	
WWTR1	ENSG00000018408	TAZ|DKFZp586I1419	
XBP1	ENSG00000100219		XBP2
XIAP	ENSG00000101966	hILP|ILP-1	API3|BIRC4
XPA	ENSG00000136936	XPAC|XP1	
XPC	ENSG00000154767	XPCC|RAD4	
XPO1	ENSG00000082898	CRM1|CRM-1|emb	
XRCC2	ENSG00000196584	FANCU	
XRCC3	ENSG00000126215		
YAP1	ENSG00000137693	YAP65	
YES1	ENSG00000176105	Yes|c-yes|HsT441	
YPEL5	ENSG00000119801	CGI-127	
YWHAE	ENSG00000108953	FLJ45465	
YY1AP1	ENSG00000163374	YY1AP|HCCA2|YAP	
ZBTB16	ENSG00000109906	PLZF	ZNF145
ZBTB2	ENSG00000181472	KIAA1483|ZNF437|bA351K16.2	
ZCCHC8	ENSG00000033030	DKFZp434E2220	
ZEB1	ENSG00000148516	BZP|ZEB|AREB6|NIL-2-A|Zfhep|Zfhx1a|FECD6	TCF8|PPCD3
ZFHX3	ENSG00000140836	ZNF927|FLJ26184	ATBF1|C16orf47
ZFP36L1	ENSG00000185650	RNF162B|Berg36|ERF1|TIS11B|cMG1	BRF1
ZMYM2	ENSG00000121741	RAMP|FIM|MYM	ZNF198
ZMYM3	ENSG00000147130	ZNF198L2|DXS6673E|KIAA0385|MYM	ZNF261
ZNF132	ENSG00000131849	pHZ-12	
ZNF217	ENSG00000171940	ZABC1	
ZNF24	ENSG00000172466	ZSCAN3|Zfp191|KOX17	ZNF191
ZNF300	ENSG00000145908		
ZNF331	ENSG00000130844	RITA|ZNF463|ZNF361	
ZNF384	ENSG00000126746	CAGH1A|CIZ|NMP4|NP	TNRC1
ZNF429	ENSG00000197013		
ZNF479	ENSG00000185177	KR19	
ZNF521	ENSG00000198795	EHZF|Evi3	
ZNF703	ENSG00000183779	FLJ14299|ZNF503L|NLZ1|Zpo1|ZEPPO1	
ZNF750	ENSG00000141579	FLJ13841|Zfp750	
ZNF91	ENSG00000167232	HPF7|HTF10	
ZNRF3	ENSG00000183579	KIAA1133|BK747E2.3|FLJ22057|RNF203	
ZRSR2	ENSG00000169249	U2AF1-RS2|URP|ZC3H22	U2AF1L2
